author_id,cluster_id,cluster_confidence,cluster_bot_probability,individual_bot_probability,final_bot_probability,classification
UC-9SHgpu4EUwCC6IbMV9qtQ,0,0.6133333333333333,0.15149320321829496,0.11518621973929236,0.1369704098266939,likely_human
UC-IcLaKCio-QwdByHfn0orA,1,0.3333333333333333,0.15217945781544784,0.11499999999999999,0.1373076746892687,likely_human
UC-L-pqV9XcQktWkId-02-kA,2,0.4965986394557823,0.15347124556795308,0.11499999999999999,0.13808274734077186,likely_human
UC-TyX4DxRM0g0aHX0eDPZNg,3,0.5208333333333333,0.1583828556691871,0.1144770277922009,0.14082052451839264,likely_human
UC-Ua6zzmqDTVJbqrrtbkAjw,-1,0.0,0.0,0.11499999999999999,0.046,likely_human
UC-da2doDqe4INnSJgKQl3iA,-1,0.0,0.0,0.10905639062229566,0.04362255624891827,likely_human
UC-drwGCb2LZyC-lJqs6mHmQ,4,0.4444444444444444,0.15231481481481482,0.11499999999999999,0.1373888888888889,likely_human
UC-ejOhKXWvEymwYy9Wno5uw,5,0.49122807017543857,0.15329313660218605,0.11499999999999999,0.1379758819613116,likely_human
UC-lOGFlsEDI1KLxR8YhIjjg,6,0.4642857142857143,0.16177277572131255,0.12040037243947857,0.14522381440857896,likely_human
UC-mqAqK8KH4RhWM0oawWhzg,-1,0.0,0.0,0.11540884724557501,0.04616353889823001,likely_human
UC-o_5gajJOygE45OxOSV-_g,-1,0.0,0.0,0.11499999999999999,0.046,likely_human
UC-s6OCKHAL3eltZBBdfSn7w,-1,0.0,0.0,0.45537243947858475,0.1821489757914339,likely_human
UC09WCuKQliUla7hOFzgxh1A,-1,0.0,0.0,0.11499999999999999,0.046,likely_human
UC0FDdTMubVyyCMqdSG06oNA,2,0.4965986394557823,0.15347124556795308,0.11555865921787709,0.13830621102792268,likely_human
UC0HSlEDPfusD-rTRJcm4jlw,-1,0.0,0.0,0.11499999999999999,0.046,likely_human
UC0MPa_owDBgJTQZCBBMlMEw,2,0.4965986394557823,0.15347124556795308,0.11499999999999999,0.13808274734077186,likely_human
UC0STFkkGT2ZDc18gZp1QjTg,4,0.4629629629629629,0.15231481481481482,0.11499999999999999,0.1373888888888889,likely_human
UC0T1HzkvJ-ByQDIw5c2kb9g,-1,0.0,0.0,0.13656164133817766,0.05462465653527107,likely_human
UC0bN8JagMTQ1ywkfOTYCPAA,3,0.5208333333333333,0.1583828556691871,0.11499999999999999,0.14102971340151227,likely_human
UC0efgs1umD-kZBFHrT6x4Dw,-1,0.0,0.0,0.12680386429312052,0.05072154571724821,likely_human
UC0hKxMmkZ_9nOI9lP-VCHdg,-1,0.0,0.0,0.11499999999999999,0.046,likely_human
UC0q_Vrk7Hdoie5L-3rPdRng,-1,0.0,0.0,0.11499999999999999,0.046,likely_human
UC0rk7hJ9Q4QTgjx-ul-_aMQ,2,0.4965986394557823,0.15347124556795308,0.11413977073182752,0.13773865563350285,likely_human
UC11ZpcrvBUq3qH9lEmpcLMg,2,0.4965986394557823,0.15347124556795308,0.11518621973929236,0.1381572352364888,likely_human
UC11vtrzsTNVAlq84iYWyu7g,7,0.45454545454545453,0.15246140670321665,0.11499999999999999,0.13747684402193,likely_human
UC13SlbMznIpXSaw-VjewhBg,6,0.4642857142857143,0.16177277572131255,0.11832518494308436,0.14439373941002126,likely_human
UC19-BTrMN6m10y0p4ehXyJA,-1,0.0,0.0,0.11499999999999999,0.046,likely_human
UC1G-O-KK729w0DGUswCGp6A,-1,0.0,0.0,0.11307354922057605,0.045229419688230424,likely_human
UC1HF6WaIISkEAHSd5WGw5sw,-1,0.0,0.0,0.118429168895647,0.047371667558258806,likely_human
UC1Io4uQ43PRq7onDdYNmUqg,7,0.45454545454545453,0.15246140670321665,0.11555865921787709,0.13770030770908082,likely_human
UC1LZ-olR60xX5OxJkKEcCTA,5,0.49122807017543857,0.15329313660218605,0.11499999999999999,0.1379758819613116,likely_human
UC1P9xNWSF-Uh3cqAskJFoxw,0,0.4866666666666667,0.15149320321829496,0.11574487895716945,0.13719387351384477,likely_human
UC1g8NcqvWT7xikOIenxMmxw,2,0.4965986394557823,0.15347124556795308,0.11499999999999999,0.13808274734077186,likely_human
UC1k0ZC2NQb--jHCR2ZuCskw,-1,0.0,0.0,0.11518621973929236,0.04607448789571694,likely_human
UC1nO253dEdJSFbKuNJAV58w,17,0.29166666666666663,0.15231481481481482,0.11499999999999999,0.1373888888888889,likely_human
UC1sgKRVWB-Ttu8F5wCKkUxA,8,0.3888888888888889,0.15234067866749432,0.11499999999999999,0.13740440720049657,likely_human
UC1tm9eVzXb5xnn3icrsCMeA,-1,0.0,0.0,0.11499999999999999,0.046,likely_human
UC1yBKRuGpC1tSM73A0ZjYjQ,-1,0.0,0.0,0.48725806451612896,0.19490322580645159,likely_human
UC1yebouXkwF8ed_-ZT2kdzw,-1,0.0,0.0,0.11499999999999999,0.046,likely_human
UC2-hhc7Bly8zGl9YqDsl3pg,-1,0.0,0.0,0.11499999999999999,0.046,likely_human
UC23dwtj8XkYDN8L44_ASP-A,5,0.49122807017543857,0.15329313660218605,0.11499999999999999,0.1379758819613116,likely_human
UC24JRr0P7GwxyTuaCQ0wzGg,5,0.49122807017543857,0.15329313660218605,0.11499999999999999,0.1379758819613116,likely_human
UC26Vmmgp7t1H47E6E2oet7A,-1,0.0,0.0,0.11499999999999999,0.046,likely_human
UC291Ct-wzt4oeK2yMeK6Upg,-1,0.0,0.0,0.11499999999999999,0.046,likely_human
UC2Etl1JpzxFzbSl53B6aZgg,-1,0.0,0.0,0.11499999999999999,0.046,likely_human
UC2JdNOgUo5bIL7bSZee8csQ,-1,0.0,0.0,0.11021640636343319,0.04408656254537328,likely_human
UC2KwApil-iyiX9mK3P2GjDQ,2,0.4988662131519274,0.15347124556795308,0.11499999999999999,0.13808274734077186,likely_human
UC2MPIgku-PMRO2ulgq77TCQ,2,0.4965986394557823,0.15347124556795308,0.11537243947858472,0.13823172313220575,likely_human
UC2QMIHvZ-j_qm1V3BhHQD2A,-1,0.0,0.0,0.11499999999999999,0.046,likely_human
UC2aWUa8j-f3fxgldHm8XiLg,-1,0.0,0.0,0.11499999999999999,0.046,likely_human
UC2l-jzzyFgY7Q9Dt4qZyldA,2,0.4965986394557823,0.15347124556795308,0.11499999999999999,0.13808274734077186,likely_human
UC2oieBrjkl4-0O6hwgMDgYQ,-1,0.0,0.0,0.11518621973929236,0.04607448789571694,likely_human
UC3IRp_u2_NqAhQ7XCk0_wyQ,-1,0.0,0.0,0.45225480556997866,0.18090192222799148,likely_human
UC3JsE5pz5Y2bz_sutbcUenQ,-1,0.0,0.0,0.11499999999999999,0.046,likely_human
UC3PIn-e4HzfOQmvXgls6oow,2,0.4965986394557823,0.15347124556795308,0.11249999999999999,0.13708274734077186,likely_human
UC3UXvl1sel3F4oPL17PPiVg,2,0.4965986394557823,0.15347124556795308,0.11555865921787709,0.13830621102792268,likely_human
UC3VH5nBZehebL0ZKBkEyxhQ,-1,0.0,0.0,0.11499999999999999,0.046,likely_human
UC3buQ4T1t3GtqIXI7U-fx0Q,-1,0.0,0.0,0.11421928094887362,0.04568771237954945,likely_human
UC3d9yb0Iroyoei6YXMsqWdg,2,0.4965986394557823,0.15347124556795308,0.11499999999999999,0.13808274734077186,likely_human
UC3e67eHinRBfIt2TmPLElcg,-1,0.0,0.0,0.11499999999999999,0.046,likely_human
UC3lD64U1xHdwttVbgxNUlXQ,2,0.4965986394557823,0.15347124556795308,0.11499999999999999,0.13808274734077186,likely_human
UC3nPPzWQNqOixdGRNthiKmQ,-1,0.0,0.0,0.45565176908752325,0.18226070763500932,likely_human
UC3s3N_iHbLRnDE2vQW9j3CA,2,0.4965986394557823,0.15347124556795308,0.11499999999999999,0.13808274734077186,likely_human
UC3t5CjZ0oNAnDNtl6RamTcQ,9,0.4782608695652174,0.16039314754042788,0.11499999999999999,0.14223588852425673,likely_human
UC3t8bM2CBH898njRpJWILQg,-1,0.0,0.0,0.11499999999999999,0.046,likely_human
UC3trDIRbTI2opyZdCWA2pBA,2,0.4965986394557823,0.15347124556795308,0.11499999999999999,0.13808274734077186,likely_human
UC41LhyrnOd1-K6tkqERfQMQ,2,0.4965986394557823,0.15347124556795308,0.11499999999999999,0.13808274734077186,likely_human
UC44_ODVAyJizPlkux_9ho7w,-1,0.0,0.0,0.11518621973929236,0.04607448789571694,likely_human
UC44wkQczGoRpJ-cXcY4DsIA,2,0.4965986394557823,0.15347124556795308,0.11499999999999999,0.13808274734077186,likely_human
UC4Ab_xD1LGKwi8tOFY-i8cw,-1,0.0,0.0,0.11555865921787709,0.046223463687150836,likely_human
UC4CTiG6MaxP1zml6ADJsHBA,-1,0.0,0.0,0.11499999999999999,0.046,likely_human
UC4DYux_XBSpASxMSV2g75mw,9,0.4782608695652174,0.16039314754042788,0.11499999999999999,0.14223588852425673,likely_human
UC4J-t4lUVMcwWwKGs4srGDw,0,0.6133333333333333,0.15149320321829496,0.11522262750628265,0.13698497293349005,likely_human
UC4RzfKSckCa1lqzdwyp0OwA,-1,0.0,0.0,0.11499999999999999,0.046,likely_human
UC4YAGH-QNgNNYBI6Gisrknw,-1,0.0,0.0,0.11518621973929236,0.04607448789571694,likely_human
UC4Z0NiP2s185zHJCE-6wY0w,-1,0.0,0.0,0.4819237700486574,0.19276950801946297,likely_human
UC4ZJwoiZ7nG_5d54GTw59xg,10,0.46153846153846156,0.3072532203718812,0.4554655493482309,0.3665381519624211,likely_human
UC4oLbRg413WY7YGfdv5ps3g,-1,0.0,0.0,0.11499999999999999,0.046,likely_human
UC4ue53B3a0jpSg_l2daii_w,-1,0.0,0.0,0.11499999999999999,0.046,likely_human
UC56szkO9KbcsgrRTcEqhZZw,-1,0.0,0.0,0.11219398676591966,0.04487759470636787,likely_human
UC5RoD0vdpfas7BRl1HUNxug,2,0.4965986394557823,0.15347124556795308,0.1144770277922009,0.1378735584576522,likely_human
UC5c-mnNncB-xh-HfwrzuBSA,11,0.42857142857142855,0.15411292359616383,0.11499999999999999,0.1384677541576983,likely_human
UC5lcg4YuE7wRJZzvXxN6olA,-1,0.0,0.0,0.11537243947858472,0.04614897579143389,likely_human
UC5pHHikCOQfUnS3m3faS5aQ,-1,0.0,0.0,0.11499999999999999,0.046,likely_human
UC5s7fSLHhCEKN-5Ihv6HXqQ,2,0.4965986394557823,0.15347124556795308,0.11249999999999999,0.13708274734077186,likely_human
UC5sK5HvbKzrZ-Qd6DpbdfrQ,2,0.4965986394557823,0.15347124556795308,0.11249999999999999,0.13708274734077186,likely_human
UC5yjEyHuIS8TFjlmtEf0i0w,5,0.49122807017543857,0.15329313660218605,0.11499999999999999,0.1379758819613116,likely_human
UC633OEv_6aw1HmnE0OKEanA,-1,0.0,0.0,0.11499999999999999,0.046,likely_human
UC64dTllrydrXgAEGiWWbn0g,-1,0.0,0.0,0.11499999999999999,0.046,likely_human
UC6RMFhyjGn981gDCQQPebzQ,2,0.4965986394557823,0.15347124556795308,0.11499999999999999,0.13808274734077186,likely_human
UC6XIOEtAiFoe_RDRUEozGMg,-1,0.0,0.0,0.11537243947858472,0.04614897579143389,likely_human
UC6ap94BpXIoOGBt15va1ygw,2,0.4965986394557823,0.15347124556795308,0.11518621973929236,0.1381572352364888,likely_human
UC6hVli7PHMpvKMRqVgujfWA,3,0.5625,0.1583828556691871,0.11499999999999999,0.14102971340151227,likely_human
UC6ylHKDRErs4AN_Rr_2ajMQ,2,0.4965986394557823,0.15347124556795308,0.11574487895716945,0.13838069892363963,likely_human
UC72yluQtIRhnpiRspTuznuw,2,0.4965986394557823,0.15347124556795308,0.11537243947858472,0.13823172313220575,likely_human
UC75O_HXyVoroUNougUt_cbw,-1,0.0,0.0,0.11499999999999999,0.046,likely_human
UC7GkbCDXuU5zq3J4pQnc0-A,-1,0.0,0.0,0.11499999999999999,0.046,likely_human
UC7Jk6hHQimEvrYRFl1n6Obw,-1,0.0,0.0,0.2563671875,0.102546875,likely_human
UC7NELqMcTskYbGst7P4WEdA,7,0.5151515151515151,0.15246140670321665,0.11537243947858472,0.1376258198133639,likely_human
UC7P5m5O6Ei2CacES6tiRGVg,-1,0.0,0.0,0.11084962500721157,0.04433985000288463,likely_human
UC7QuLTiDnIAqS7Pu5BCqhIA,-1,0.0,0.0,0.11499999999999999,0.046,likely_human
UC7R9_S6qRQBe8lzh42XcpTg,-1,0.0,0.0,0.11499999999999999,0.046,likely_human
UC7RCqzLSlzxo24iScNjpeRw,-1,0.0,0.0,0.11499999999999999,0.046,likely_human
UC7Rl2Sz5w-RhgmEkFHSD0og,2,0.4965986394557823,0.15347124556795308,0.11499999999999999,0.13808274734077186,likely_human
UC7XihV_ALIEaQRVc3mh7EuQ,-1,0.0,0.0,0.11537243947858472,0.04614897579143389,likely_human
UC7fY7MYRqJX-Mw5iwr1nlow,-1,0.0,0.0,0.11518621973929236,0.04607448789571694,likely_human
UC7xipCo_1o1-mW0Swt67dyQ,-1,0.0,0.0,0.11537243947858472,0.04614897579143389,likely_human
UC81D_8TcA-ZcsGAGRT6BAaw,2,0.4965986394557823,0.15347124556795308,0.11499999999999999,0.13808274734077186,likely_human
UC8Ct0RrkBQGRuxXvf-sLuSw,2,0.4965986394557823,0.15347124556795308,0.11499999999999999,0.13808274734077186,likely_human
UC8Ogn8I3VIjSmvr-xSnWqBg,-1,0.0,0.0,0.11518621973929236,0.04607448789571694,likely_human
UC8QAtWTIktMxzLX_66ATNpw,2,0.4965986394557823,0.15347124556795308,0.11499999999999999,0.13808274734077186,likely_human
UC8rF1hiZtJUfQDH3gTbBaBw,-1,0.0,0.0,0.15416270429876486,0.061665081719505944,likely_human
UC8u8xeQzBFS1oFgtJ8ddRJw,-1,0.0,0.0,0.11503640776699028,0.046014563106796115,likely_human
UC97_YQ2jvgr95sKeBoEuxVw,-1,0.0,0.0,0.11499999999999999,0.046,likely_human
UC9FoTn18uusGNabUFB1dvSQ,5,0.49122807017543857,0.15329313660218605,0.11499999999999999,0.1379758819613116,likely_human
UC9UvwWNlPCHDztHgzQnEXVQ,0,0.6133333333333333,0.15149320321829496,0.11499999999999999,0.13689592193097697,likely_human
UC9X18myxm_kK3nZD-VcDD5w,2,0.4965986394557823,0.15347124556795308,0.11477794016675072,0.13799392340747213,likely_human
UC9Z_HdU3cgVNkgD0FDTJxZg,-1,0.0,0.0,0.1144770277922009,0.04579081111688036,likely_human
UC9v1JnbNfw0cCiOU0xy55Zw,5,0.49122807017543857,0.15329313660218605,0.11499999999999999,0.1379758819613116,likely_human
UC9zcM5JOQhvPIOPmFv8k92g,2,0.4965986394557823,0.15347124556795308,0.11499999999999999,0.13808274734077186,likely_human
UCA5RL9Iktw_HEMlRTrcNGUg,0,0.4866666666666667,0.15149320321829496,0.11555865921787709,0.1371193856181278,likely_human
UCAD-wJutlrwvaU-SIP045lw,-1,0.0,0.0,0.11499999999999999,0.046,likely_human
UCAD3j1q44A_DRPguyUqxcYA,4,0.4629629629629629,0.15231481481481482,0.11499999999999999,0.1373888888888889,likely_human
UCAEzDmzNtaEYdFIX83Pee1g,-1,0.0,0.0,0.2732437973785705,0.10929751895142821,likely_human
UCAGUScAaDbdzciKJ2QdGQag,-1,0.0,0.0,0.11499999999999999,0.046,likely_human
UCAHjO9Lb16IZD3pGOMNItaQ,2,0.4965986394557823,0.15347124556795308,0.11518621973929236,0.1381572352364888,likely_human
UCAI8Pm27dWSEQaO4M8ezDog,2,0.4965986394557823,0.15347124556795308,0.11499999999999999,0.13808274734077186,likely_human
UCAIPyTPgJIl0CUTN0QM53lw,2,0.49773242630385484,0.15347124556795308,0.11499999999999999,0.13808274734077186,likely_human
UCAJubiJ-6s97xJDdSu8QpPA,2,0.4965986394557823,0.15347124556795308,0.11499999999999999,0.13808274734077186,likely_human
UCAKpq6vN1Vh6kGQ6E1A-UJg,1,0.3333333333333333,0.15217945781544784,0.11499999999999999,0.1373076746892687,likely_human
UCAMM0KoWWdA6V0Dir6K1XaA,-1,0.0,0.0,0.4550364077669903,0.18201456310679612,likely_human
UCAMPFOu8LjyIYUcKg0mDTZQ,-1,0.0,0.0,0.11499999999999999,0.046,likely_human
UCAUf1qZejqKv8mnf84AxnoA,-1,0.0,0.0,0.2114516129032258,0.08458064516129032,likely_human
UCAYgEsr8rmpVkyX5cAy9NIg,2,0.5011337868480726,0.15347124556795308,0.11499999999999999,0.13808274734077186,likely_human
UCAcmgWnxx5c0MHoMNHdNUsA,-1,0.0,0.0,0.11499999999999999,0.046,likely_human
UCAjhTOmMT99N1YzDr-gKBNQ,0,0.5933333333333333,0.15149320321829496,0.11499999999999999,0.13689592193097697,likely_human
UCAuPjQ0soe0qy_PwB1nqekw,-1,0.0,0.0,0.48080645161290325,0.1923225806451613,likely_human
UCAwcsx7A0Omgq3qvgP_zkbA,-1,0.0,0.0,0.45499999999999996,0.182,likely_human
UCB1gwMW-StFX-Vm4hegMCAA,-1,0.0,0.0,0.1284782608695652,0.051391304347826086,likely_human
UCBTC8rGssSVM-G9QVzbkabA,-1,0.0,0.0,0.11499999999999999,0.046,likely_human
UCBc9H2CDnbHvKEk-BxuNqFQ,2,0.4965986394557823,0.15347124556795308,0.11499999999999999,0.13808274734077186,likely_human
UCBgOGeUBYqW0gN8HZBZNxoA,-1,0.0,0.0,0.11499999999999999,0.046,likely_human
UCBh7k9ny2CR3qdE0tFvZJ_A,-1,0.0,0.0,0.11499999999999999,0.046,likely_human
UCBjvQGAHkvGeoinaBYPLUUA,5,0.49122807017543857,0.15329313660218605,0.11555865921787709,0.13819934564846245,likely_human
UCBsw_vL0vo_BMEZriDYPCHA,-1,0.0,0.0,0.17355773971702448,0.0694230958868098,likely_human
UCBtWDmZtdpqDHezQslWhftw,-1,0.0,0.0,0.2294371035805349,0.09177484143221397,likely_human
UCC04HzdHjG_nV2F7Hcyr_uA,-1,0.0,0.0,0.11499999999999999,0.046,likely_human
UCC3vet5VWPQR8fW_L6fzL_w,2,0.4965986394557823,0.15347124556795308,0.11499999999999999,0.13808274734077186,likely_human
UCC6Q9m8M7aeOBTFhXHjluFQ,-1,0.0,0.0,0.11346439344671017,0.04538575737868407,likely_human
UCCGPvqOuv9I6xyXxaRX4R8g,-1,0.0,0.0,0.11499999999999999,0.046,likely_human
UCCRP3uqc2qKpmHqdD25y1kg,-1,0.0,0.0,0.11499999999999999,0.046,likely_human
UCCXmCzaFMbgqOHHFze_xm7g,2,0.4965986394557823,0.15347124556795308,0.11499999999999999,0.13808274734077186,likely_human
UCCba2JnUVIPPA_zUqgVBUmQ,2,0.4965986394557823,0.15347124556795308,0.11499999999999999,0.13808274734077186,likely_human
UCCiQJuBrJA5wnC-YtJFKo_g,-1,0.0,0.0,0.11518621973929236,0.04607448789571694,likely_human
UCClYmUwCTDXpJLUuHqTITTQ,3,0.4375,0.1583828556691871,0.11555865921787709,0.1412531770886631,likely_human
UCCvgXogLBsqmxAhZ5obzCng,9,0.4782608695652174,0.16039314754042788,0.11499999999999999,0.14223588852425673,likely_human
UCCxH8tSnd4rLCL4c-kbTh0g,2,0.4988662131519274,0.15347124556795308,0.11499999999999999,0.13808274734077186,likely_human
UCD1Mb-1vBhKwxf9ynw_N1tQ,2,0.4977324263038549,0.15347124556795308,0.11499999999999999,0.13808274734077186,likely_human
UCD8PA4mp25Pw_qh1S6iHA7w,12,0.5666666666666667,0.1523458514380302,0.11499999999999999,0.1374075108628181,likely_human
UCDO11JFpYl15_LOSn-o3EuA,-1,0.0,0.0,0.4551862197392924,0.18207448789571698,likely_human
UCDaejxkVRgtp1JImjbI1tIA,13,0.4583333333333333,0.15231481481481482,0.11499999999999999,0.1373888888888889,likely_human
UCDbxC6sf4Rl5XEFzbagUV7A,-1,0.0,0.0,0.11232158891364571,0.044928635565458286,likely_human
UCDg97jaf2epJUCdfk_-z-aw,2,0.4965986394557823,0.15347124556795308,0.11499999999999999,0.13808274734077186,likely_human
UCDiUm2Vu4CEVExQP3Xm3ZqQ,-1,0.0,0.0,0.4577001862197393,0.18308007448789573,likely_human
UCDpQfuq88OQCCke4mkkWVIg,6,0.4642857142857143,0.16177277572131255,0.12040037243947857,0.14522381440857896,likely_human
UCDv7LonYPMaoJlX6a-VJXXQ,-1,0.0,0.0,0.16900272037651418,0.06760108815060567,likely_human
UCDwOW-Ztn1bQXk0uZmpRMrQ,5,0.49122807017543857,0.15329313660218605,0.11499999999999999,0.1379758819613116,likely_human
UCE2BdvyYpnEc1VuFpIU-EqQ,-1,0.0,0.0,0.11499999999999999,0.046,likely_human
UCE2Pl9Qlkz735W0PwlXv1MQ,-1,0.0,0.0,0.11518621973929236,0.04607448789571694,likely_human
UCEFbatPacF6WtH0DickhgSQ,2,0.4965986394557823,0.15347124556795308,0.11555865921787709,0.13830621102792268,likely_human
UCEJj3cJ0ogan7SXYYMp_AqQ,-1,0.0,0.0,0.10418295834054489,0.04167318333621796,likely_human
UCEKwNqV8T6C8HglAKLmRx8w,-1,0.0,0.0,0.11499999999999999,0.046,likely_human
UCEM0UP8DpWLxPh-85SghlZQ,6,0.4642857142857143,0.16177277572131255,0.12040037243947857,0.14522381440857896,likely_human
UCElVGQVz38sdFwGGZfZxRwg,-1,0.0,0.0,0.11499999999999999,0.046,likely_human
UCFIB4jBqmqYpeSIcEyTAprA,0,0.4733333333333333,0.15149320321829496,0.11225480556997869,0.13579784415896845,likely_human
UCFIjJSOoiz-Vc1_0XRRFMBg,-1,0.0,0.0,0.11499999999999999,0.046,likely_human
UCFJH6sgMrINrG99QUvpyBMg,-1,0.0,0.0,0.38425833518440966,0.15370333407376388,likely_human
UCFMeHxJ856IQLzvsUumu5ag,-1,0.0,0.0,0.11499999999999999,0.046,likely_human
UCFNk9e2PK2kKALVzacFEREw,3,0.5625,0.1583828556691871,0.11499999999999999,0.14102971340151227,likely_human
UCFOEklJtuaWRZcJTWFIGZGg,2,0.4965986394557823,0.15347124556795308,0.11574487895716945,0.13838069892363963,likely_human
UCFYqoy-_Eh1IWz9bzoLCAmQ,-1,0.0,0.0,0.37180633147113595,0.1487225325884544,likely_human
UCFchyhxacQmcwDZayrkMUsA,-1,0.0,0.0,0.11518621973929236,0.04607448789571694,likely_human
UCFcurWUoYXsE1q5BseK4EVA,12,0.5333333333333333,0.1523458514380302,0.11499999999999999,0.1374075108628181,likely_human
UCFgaP14nHgbfK45hEn8goRQ,-1,0.0,0.0,0.11537243947858472,0.04614897579143389,likely_human
UCFimYrpn31WMnbCXok5Hhvw,5,0.49122807017543857,0.15329313660218605,0.11518621973929236,0.13805036985702857,likely_human
UCFnF1KIOhs0uGyZ_O_6QwwA,-1,0.0,0.0,0.11518621973929236,0.04607448789571694,likely_human
UCFsTnQ_DQ0H22kwFb_qxHOQ,-1,0.0,0.0,0.11413977073182752,0.04565590829273101,likely_human
UCFtpB0xoHac6_HRO2Lpf8CQ,-1,0.0,0.0,0.11499999999999999,0.046,likely_human
UCG16Xsbzyw_FPSRK0a3c50g,9,0.4782608695652174,0.16039314754042788,0.11593109869646182,0.14260832800284146,likely_human
UCG4vsJrqbt8f3MWdMFoXV1Q,9,0.4782608695652174,0.16039314754042788,0.11593109869646182,0.14260832800284146,likely_human
UCGBGxGrL1RU8Ohep557BgqQ,14,0.3333333333333333,0.15202427469937088,0.1144770277922009,0.1370053759365029,likely_human
UCGH8FygVGJtz9f0NFViOBpQ,-1,0.0,0.0,0.11499999999999999,0.046,likely_human
UCGUNq0phNyeEs4U1JbFTb5A,2,0.4965986394557823,0.15347124556795308,0.11499999999999999,0.13808274734077186,likely_human
UCGb8thn_4H8mPBkD-bVAEIw,5,0.49122807017543857,0.15329313660218605,0.11555865921787709,0.13819934564846245,likely_human
UCGfrYMCYgFr1E08u47-joqA,-1,0.0,0.0,0.11499999999999999,0.046,likely_human
UCGiL0AzSHs86LRJwhiEguHw,-1,0.0,0.0,0.11667597765363127,0.046670391061452515,likely_human
UCGlVsH8W2W3JHDAWMm45rrQ,-1,0.0,0.0,0.11518621973929236,0.04607448789571694,likely_human
UCGp_Up7L0b2xv9rfRE_cnqg,-1,0.0,0.0,0.11537243947858472,0.04614897579143389,likely_human
UCGrdbvMduAXuikgeWOf5NMg,-1,0.0,0.0,0.11555865921787709,0.046223463687150836,likely_human
UCGv4QbqyALx8KPWPP_cRsnA,-1,0.0,0.0,0.11499999999999999,0.046,likely_human
UCGyqw-q3igCIa1RkdrQlXKA,-1,0.0,0.0,0.2546578373092866,0.10186313492371464,likely_human
UCH0MtkFFgF_2JQ6Ks5NFUAg,-1,0.0,0.0,0.11615300544583218,0.046461202178332876,likely_human
UCH0cHvxasgjHFnp0vZvpBZg,2,0.4965986394557823,0.15347124556795308,0.11537243947858472,0.13823172313220575,likely_human
UCH7jk_k3J-4WbeF5btMF-XQ,9,0.4782608695652174,0.16039314754042788,0.11499999999999999,0.14223588852425673,likely_human
UCHDdQOm521KCiu7E_El3avA,-1,0.0,0.0,0.46835842961361074,0.1873433718454443,likely_human
UCHFRhH45ZvaCS0LLvtmGJwg,-1,0.0,0.0,0.11499999999999999,0.046,likely_human
UCHKB3xex7eeNFN4so3PXf9Q,-1,0.0,0.0,0.11249999999999999,0.045,likely_human
UCHMxg6Y17VUh4CFk40Y_6Bw,-1,0.0,0.0,0.11499999999999999,0.046,likely_human
UCHPwz03Ao7HeMlvEn32ampA,2,0.4965986394557823,0.15347124556795308,0.11499999999999999,0.13808274734077186,likely_human
UCHT1v5Df2M8Tt74hnG4SFkg,-1,0.0,0.0,0.48080645161290325,0.1923225806451613,likely_human
UCHTLprJefCr9IXCn026tbVQ,-1,0.0,0.0,0.11499999999999999,0.046,likely_human
UCHVMCirAxjCkxHvSa20yDcQ,9,0.4782608695652174,0.16039314754042788,0.11499999999999999,0.14223588852425673,likely_human
UCHZNf03iRfaOnieZAsgjUEA,-1,0.0,0.0,0.11499999999999999,0.046,likely_human
UCHawuK4kd8dirnPkhM0jDXw,-1,0.0,0.0,0.11499999999999999,0.046,likely_human
UCHe6Mzr1N7kJGCucYUKzUqw,-1,0.0,0.0,0.11133372479918738,0.04453348991967496,likely_human
UCHk-hLJe6dl4-u_HWVMsEUg,-1,0.0,0.0,0.20537243947858475,0.0821489757914339,likely_human
UCHmDp5Qkcl--jcdellaoPHQ,-1,0.0,0.0,0.11499999999999999,0.046,likely_human
UCHmeVMbQ9si2iWl3gbvyWvQ,11,0.42857142857142855,0.15411292359616383,0.11499999999999999,0.1384677541576983,likely_human
UCHp1iBNKOt7zSUGTO765GGA,-1,0.0,0.0,0.11555865921787709,0.046223463687150836,likely_human
UCHwbqwUsTvXKdakKugmgLKg,-1,0.0,0.0,0.11499999999999999,0.046,likely_human
UCHwpNKjTgnjg91tjLjG2nsw,2,0.4965986394557823,0.15347124556795308,0.11325976895986842,0.13738665492471921,likely_human
UCIA4Nq6QddM7B_-Q3BsqupQ,2,0.5011337868480726,0.15347124556795308,0.11499999999999999,0.13808274734077186,likely_human
UCIB-7-yqD_HbBnXM2kJEnGQ,-1,0.0,0.0,0.11259172042745835,0.045036688170983344,likely_human
UCICMcSMGciolGblHFNoxVug,-1,0.0,0.0,0.11499999999999999,0.046,likely_human
UCIEfnLV_SBdtl-sPxpSQdEQ,-1,0.0,0.0,0.11499999999999999,0.046,likely_human
UCIGOIwIAZIxGmS845ardMSw,-1,0.0,0.0,0.11499999999999999,0.046,likely_human
UCIGuj0XQtsPcdFAGkRRgZbQ,2,0.4965986394557823,0.15347124556795308,0.11518621973929236,0.1381572352364888,likely_human
UCIKEaGMrXJ6Vp2KFrhB6dxA,5,0.49122807017543857,0.15329313660218605,0.11499999999999999,0.1379758819613116,likely_human
UCIL83rWkenJFRU73v-J93gw,2,0.4965986394557823,0.15347124556795308,0.11518621973929236,0.1381572352364888,likely_human
UCIPTnybce25ge6Kh4Pv4htQ,-1,0.0,0.0,0.1121609206358554,0.04486436825434216,likely_human
UCIQFETiojC5y_gSDqqz4AGA,2,0.4965986394557823,0.15347124556795308,0.11499999999999999,0.13808274734077186,likely_human
UCI_9FDR5PWYbpzqTOaGGuUg,2,0.4965986394557823,0.15347124556795308,0.11574487895716945,0.13838069892363963,likely_human
UCI_M2ur6QUOPKhL8rkQQXlQ,-1,0.0,0.0,0.11084962500721157,0.04433985000288463,likely_human
UCIgO7Efd34aHWX8Rgvaajqg,-1,0.0,0.0,0.11499999999999999,0.046,likely_human
UCIs3QC98MD46B7PzIyqMpLw,-1,0.0,0.0,0.4577001862197393,0.18308007448789573,likely_human
UCJ-9zrJ9srRR2vkrOzx4n-A,-1,0.0,0.0,0.11225480556997869,0.04490192222799148,likely_human
UCJ3Os8z01WPAV7yObKgSCeg,0,0.5933333333333333,0.15149320321829496,0.11499999999999999,0.13689592193097697,likely_human
UCJ6jX7QtwwmdhSJko2URFQw,-1,0.0,0.0,0.11633994594203684,0.04653597837681474,likely_human
UCJAHG2H8yAjD4uifBeUq2_A,-1,0.0,0.0,0.45125814583693913,0.18050325833477565,likely_human
UCJLdaAmcNsyFxUqE2UtLX9A,-1,0.0,0.0,0.11499999999999999,0.046,likely_human
UCJQw9j7CYrxv4rjVazw-KFg,15,0.4666666666666667,0.37669988762321366,0.45499999999999996,0.4080199325739282,likely_human
UCJioJ4G3RILwzktY7TkWsdQ,2,0.4965986394557823,0.15347124556795308,0.11518621973929236,0.1381572352364888,likely_human
UCJraFRl7Q91d47TzDqiUZ8g,-1,0.0,0.0,0.317880705950442,0.1271522823801768,likely_human
UCJwiiYmQuP-rM5FwNUnf2JQ,2,0.4965986394557823,0.15347124556795308,0.11611731843575418,0.13852967471507352,likely_human
UCK1InQDQmmnNN0LKxqPZrpQ,2,0.4965986394557823,0.15347124556795308,0.11499999999999999,0.13808274734077186,likely_human
UCK5_DMfdSP9qB9jaMwXVauA,-1,0.0,0.0,0.21415179912296511,0.08566071964918605,likely_human
UCK5mAG6hJLyjDIOS4gZXcMg,2,0.49886621315192753,0.15347124556795308,0.11499999999999999,0.13808274734077186,likely_human
UCKDFF3OX6wujZfc9m8j5xJA,3,0.4375,0.1583828556691871,0.11499999999999999,0.14102971340151227,likely_human
UCKEeFlBQLF4Ty-0VD_43ccA,-1,0.0,0.0,0.11021640636343319,0.04408656254537328,likely_human
UCKHLyhwijugjncmMwuqMwEg,-1,0.0,0.0,0.4550364077669903,0.18201456310679612,likely_human
UCKNDdQbd8eR-uxx6cQ2UN6Q,5,0.49122807017543857,0.15329313660218605,0.11499999999999999,0.1379758819613116,likely_human
UCKSclawsVhZAJqV3j-z8wJw,-1,0.0,0.0,0.11499999999999999,0.046,likely_human
UCK_cRoz_X2Yo5R8gfgqOs0g,-1,0.0,0.0,0.11499999999999999,0.046,likely_human
UCKe926TjpX5eVSsOWl2tqmw,-1,0.0,0.0,0.11299968452714815,0.04519987381085926,likely_human
UCKj3HlC9_9hALdFoalE6Gjg,2,0.4965986394557823,0.15347124556795308,0.11503640776699028,0.13809731044756796,likely_human
UCKmoUByX84VlPofWHGJwPbQ,-1,0.0,0.0,0.48080645161290325,0.1923225806451613,likely_human
UCKr_xUA0NrOyZ74g9XIm7ng,0,0.62,0.15149320321829496,0.11499999999999999,0.13689592193097697,likely_human
UCKuzeUC7qHQDpB3gqzkPSyw,-1,0.0,0.0,0.11630353817504654,0.04652141527001862,likely_human
UCKvLcwBotIz7sbh3q583iig,0,0.32666666666666666,0.15149320321829496,0.11000000000000001,0.134895921930977,likely_human
UCKx-M4z0LPSbj315RroNjwA,-1,0.0,0.0,0.18189686791579113,0.07275874716631646,likely_human
UCL1I7Gs-B4-rBrzqmJDKSlQ,-1,0.0,0.0,0.11518621973929236,0.04607448789571694,likely_human
UCL4sZ3bS-SCjvel2VleN0zg,-1,0.0,0.0,0.11188721875540866,0.04475488750216347,likely_human
UCL9EHNLIjF4qwyyH2NptuQA,9,0.4782608695652174,0.16039314754042788,0.11499999999999999,0.14223588852425673,likely_human
UCLCkKr1EeoGwC0mA_vn49Bw,-1,0.0,0.0,0.20555865921787708,0.08222346368715083,likely_human
UCLIxnuD7rrIgMoKkoj204og,2,0.4965986394557823,0.15347124556795308,0.11499999999999999,0.13808274734077186,likely_human
UCLNYRmUBk82dMJnOUXEDYMQ,-1,0.0,0.0,0.11518621973929236,0.04607448789571694,likely_human
UCLWmulEDDinXy7INwSEUl6A,5,0.49122807017543857,0.15329313660218605,0.11593109869646182,0.13834832143989634,likely_human
UCLmaYbqQ8HGYAmdjTQw3IQw,-1,0.0,0.0,0.11499999999999999,0.046,likely_human
UCLo6WOwUOWoJQgi9e-js2aA,3,0.5625,0.1583828556691871,0.11499999999999999,0.14102971340151227,likely_human
UCLtKTTKdh992oWgaXwQAvNg,0,0.5933333333333333,0.15149320321829496,0.11499999999999999,0.13689592193097697,likely_human
UCMDKXoBYAbgbBBGgxCjCilA,2,0.4965986394557823,0.15347124556795308,0.11499999999999999,0.13808274734077186,likely_human
UCMDSvzMXc2X23At5tea8n5g,-1,0.0,0.0,0.11630353817504654,0.04652141527001862,likely_human
UCMIy64ihpCV9cyZrOiTPLEg,2,0.4965986394557823,0.15347124556795308,0.11555865921787709,0.13830621102792268,likely_human
UCMLiDHwjl53Gy6BWoxCqMKQ,10,0.46153846153846156,0.3072532203718812,0.45512951763663645,0.3664037392777833,likely_human
UCMLkTrKuK8a9PwL4x51dG3g,-1,0.0,0.0,0.1548021125442663,0.06192084501770652,likely_human
UCMPbamRcnKVPWTqaOnWGzdw,12,0.5333333333333333,0.1523458514380302,0.11518621973929236,0.13748199875853506,likely_human
UCMQhfldGFiXtRANT8t6CS5g,-1,0.0,0.0,0.11499999999999999,0.046,likely_human
UCMZAuWPY4e3N5hhUJ_axXow,2,0.4965986394557823,0.15347124556795308,0.11421928094887362,0.13777045972032131,likely_human
UCMcJ_8A-4kd2rYnMY6l9Gqw,-1,0.0,0.0,0.11555865921787709,0.046223463687150836,likely_human
UCMqUU_y-tZUzQi43pr1fH6Q,-1,0.0,0.0,0.45680012414649285,0.18272004965859714,likely_human
UCMzcH0umg8bH7WCI-K3JfYQ,16,0.375,0.15553909674021407,0.11537243947858472,0.13947243383556232,likely_human
UCN5WY981yd1_AH4l2qubviw,-1,0.0,0.0,0.11648975791433891,0.046595903165735565,likely_human
UCN9MlMCxGV5pyEr9-KwvJNQ,-1,0.0,0.0,0.11373140679513133,0.045492562718052534,likely_human
UCNF_XEYxlzh0iogB-5Qp7Hg,2,0.49773242630385484,0.15347124556795308,0.11499999999999999,0.13808274734077186,likely_human
UCNP6tP18OXAX6cRiq0g4DGw,-1,0.0,0.0,0.11593109869646182,0.04637243947858473,likely_human
UCNTNMLofsdAaw4YE1pvomeA,2,0.4965986394557823,0.15347124556795308,0.11499999999999999,0.13808274734077186,likely_human
UCNZe387vOwYXx5lTKhn0tMg,-1,0.0,0.0,0.11499999999999999,0.046,likely_human
UCNa6zNvgo8ICy9cdkrE16Ow,2,0.4965986394557823,0.15347124556795308,0.11499999999999999,0.13808274734077186,likely_human
UCNbtox2peUjyEX5Vk1W5yPQ,-1,0.0,0.0,0.11537243947858472,0.04614897579143389,likely_human
UCNhC4yH1XE9BV5Sqx7ko3Fg,9,0.4782608695652174,0.16039314754042788,0.11499999999999999,0.14223588852425673,likely_human
UCNhVCjoALRxfn2i8tLzFDew,5,0.49122807017543857,0.15329313660218605,0.11499999999999999,0.1379758819613116,likely_human
UCNk6IY55_0nSM5zgUAbTMeA,-1,0.0,0.0,0.11499999999999999,0.046,likely_human
UCNqnIVnQxty2k-MUAWXD99w,-1,0.0,0.0,0.11225480556997869,0.04490192222799148,likely_human
UCNvKP6ov3ND3Cei1Hf7aYig,-1,0.0,0.0,0.11484946727078563,0.045939786908314253,likely_human
UCNxlK7dJBpQkXTxsXUlL5cw,5,0.49122807017543857,0.15329313660218605,0.11421928094887362,0.13766359434086106,likely_human
UCNyT7OBrmm0DVZqwBfOJnUw,-1,0.0,0.0,0.11499999999999999,0.046,likely_human
UCO-26VabZxKtSby3woFgvlQ,-1,0.0,0.0,0.45494257714043185,0.18197703085617276,likely_human
UCOBUpraeu3uaZKQchPxtAJQ,-1,0.0,0.0,0.11174464687599608,0.04469785875039844,likely_human
UCOJ7ELeg_0EW0iSKszOBCuA,-1,0.0,0.0,0.1144770277922009,0.04579081111688036,likely_human
UCOKS8HtdUhyron8hVH4MwJg,-1,0.0,0.0,0.11021640636343319,0.04408656254537328,likely_human
UCOLmOG4P5qWmwV5krnVzcjQ,5,0.49122807017543857,0.15329313660218605,0.11499999999999999,0.1379758819613116,likely_human
UCOMJjRv87dH7KdWA8HEAf9A,-1,0.0,0.0,0.17489174757540457,0.06995669903016183,likely_human
UCONuJ0Ky2618R9wjy5UOu1A,-1,0.0,0.0,0.4555586592178771,0.18222346368715084,likely_human
UCOUzfzDv_Y7ebEHn6Kn4axg,9,0.4782608695652174,0.16039314754042788,0.11337212400573288,0.14158473812654987,likely_human
UCOcDwJXZb6LnaFkScS2vPuQ,-1,0.0,0.0,0.11000000000000001,0.04400000000000001,likely_human
UCOfag7q0pcu34vxcK_RtD9Q,-1,0.0,0.0,0.11499999999999999,0.046,likely_human
UCOq2F9eV-IOAoQgBuC6dXvw,-1,0.0,0.0,0.11499999999999999,0.046,likely_human
UCP5CjVFhk8j7Zc2XAslfNeA,2,0.49773242630385484,0.15347124556795308,0.11499999999999999,0.13808274734077186,likely_human
UCP8uQCp9tzhkm_-5J8o-k4A,17,0.3333333333333333,0.15231481481481482,0.11499999999999999,0.1373888888888889,likely_human
UCPIuPXiiE2pN2nMEEdwnPIA,-1,0.0,0.0,0.45499999999999996,0.182,likely_human
UCPT_76MwHgN5085vjZQQbMg,10,0.46153846153846156,0.3072532203718812,0.45509310986964613,0.3663891761709872,likely_human
UCPTaTifRGNuWN61O2nfYcUQ,5,0.49122807017543857,0.15329313660218605,0.11499999999999999,0.1379758819613116,likely_human
UCPUgQVngEAbPa2gbxlUvAeQ,-1,0.0,0.0,0.45499999999999996,0.182,likely_human
UCPW2rde_Q7iictlaN6hsXeQ,-1,0.0,0.0,0.11611731843575418,0.04644692737430167,likely_human
UCPdqBih6z3XmjZOxVUvWWeA,2,0.4965986394557823,0.15347124556795308,0.11499999999999999,0.13808274734077186,likely_human
UCPeUfEwzaUOqRnPXX12uzCw,-1,0.0,0.0,0.11499999999999999,0.046,likely_human
UCPlWnSreMS90d9voXEjRYew,-1,0.0,0.0,0.11307354922057605,0.045229419688230424,likely_human
UCPvFVAH-ZkS9M3qezMKAo5g,-1,0.0,0.0,0.11499999999999999,0.046,likely_human
UCPvKClsORKY9Q5YAPbv0ipw,10,0.46153846153846156,0.3072532203718812,0.20500000000000002,0.2663519322231287,likely_human
UCQ4C3uz12fEO4LTEskTq2Ow,-1,0.0,0.0,0.11499999999999999,0.046,likely_human
UCQGsODpXdplA0X58Rkacd-w,-1,0.0,0.0,0.11499999999999999,0.046,likely_human
UCQO7A8QOghh6rkbc4zKbwgw,8,0.4166666666666667,0.15234067866749432,0.11518621973929236,0.13747889509621353,likely_human
UCQVLrDDt5xXaQoRxxoUBYiw,-1,0.0,0.0,0.11593109869646182,0.04637243947858473,likely_human
UCQdvJKKVwkbUAItubGKrwpQ,-1,0.0,0.0,0.45537243947858475,0.1821489757914339,likely_human
UCQmMxDn3ectynuqOckLRFDg,6,0.4642857142857143,0.16177277572131255,0.12040037243947857,0.14522381440857896,likely_human
UCQoqhAqUYWwoZ0a5mjDaLGg,7,0.5151515151515151,0.15246140670321665,0.11518621973929236,0.13755133191764693,likely_human
UCQun_Gy5QsLLqgb02nzLLvQ,0,0.6199999999999999,0.15149320321829496,0.11499999999999999,0.13689592193097697,likely_human
UCR3HRjAWEpdZZkp9ulnAuug,2,0.4965986394557823,0.15347124556795308,0.11574487895716945,0.13838069892363963,likely_human
UCR4wueTIvoY9coR3udBYKxA,0,0.4733333333333333,0.15149320321829496,0.11499999999999999,0.13689592193097697,likely_human
UCR9R-UpnGPGn-jMCFjI1-Eg,-1,0.0,0.0,0.11518621973929236,0.04607448789571694,likely_human
UCRPrnnL5GTXE21x7FqEnVrA,-1,0.0,0.0,0.11307354922057605,0.045229419688230424,likely_human
UCRWy9ix_35t_p90sT6cWVQw,-1,0.0,0.0,0.1322624006058311,0.05290496024233245,likely_human
UCRY2bojUXo4pXvp4IhiJdgw,-1,0.0,0.0,0.4554655493482309,0.1821862197392924,likely_human
UCR_2Q6Q6JLhLUVq0x2kvobQ,0,0.4733333333333333,0.15149320321829496,0.11345350936622436,0.1362773256774667,likely_human
UCRkOp-5Jdxhzcsvd65s5wGg,2,0.4965986394557823,0.15347124556795308,0.11537243947858472,0.13823172313220575,likely_human
UCRpPZNA2GX0YO7Pf36p6ELw,2,0.4965986394557823,0.15347124556795308,0.11499999999999999,0.13808274734077186,likely_human
UCRsMz07yU4D3_6gdjIrtnGQ,10,0.46153846153846156,0.3072532203718812,0.4552793296089386,0.36646366406670416,likely_human
UCRtiueNVUDjJXPRLAOA5oqg,-1,0.0,0.0,0.11499999999999999,0.046,likely_human
UCRuxlYXYGNeHmaaAw4iMX3A,-1,0.0,0.0,0.11499999999999999,0.046,likely_human
UCRvMSJ5Ss-7wgXgXbTihZYQ,-1,0.0,0.0,0.1144770277922009,0.04579081111688036,likely_human
UCS-k5V0ocMqwC5QxDlxsieQ,16,0.375,0.15553909674021407,0.11537243947858472,0.13947243383556232,likely_human
UCS0PwOpZGQjr1Q7l8gbOEpQ,-1,0.0,0.0,0.11537243947858472,0.04614897579143389,likely_human
UCSBjpXaDeUTWJkdm8gQhtTQ,-1,0.0,0.0,0.19312729498164014,0.07725091799265606,likely_human
UCSF72pFFjfyuXnp_ZH3IebA,2,0.4965986394557823,0.15347124556795308,0.11555865921787709,0.13830621102792268,likely_human
UCSL6nwpSsx0gES29VwBFziw,-1,0.0,0.0,0.11499999999999999,0.046,likely_human
UCSQBjghpJpTXCMlgNXYkJnQ,0,0.4733333333333333,0.15149320321829496,0.11555865921787709,0.1371193856181278,likely_human
UCSVcwRezaGAWCEADc-hJX6g,-1,0.0,0.0,0.11499999999999999,0.046,likely_human
UCSl3cldrsFxmGNwkTOw7XIw,-1,0.0,0.0,0.4544770277922009,0.18179081111688036,likely_human
UCSlXgFKfJkekG8qzVDrDSgA,10,0.46153846153846156,0.3072532203718812,0.45499999999999996,0.3663519322231287,likely_human
UCSq_B7V1914zbP1z1T2Xe2Q,9,0.4782608695652174,0.16039314754042788,0.11499999999999999,0.14223588852425673,likely_human
UCSrTOd6QF1d4aFDf-Qmk0iw,15,0.4666666666666667,0.37669988762321366,0.45499999999999996,0.4080199325739282,likely_human
UCSyfDSpW4D0G9x2kfVGSgrw,-1,0.0,0.0,0.11499999999999999,0.046,likely_human
UCSzJx7rydtT8JO9tBHwK_9Q,11,0.42857142857142855,0.15411292359616383,0.11499999999999999,0.1384677541576983,likely_human
UCT0qFWzRfe8WXJtGcF8wZcA,-1,0.0,0.0,0.11499999999999999,0.046,likely_human
UCT4HJ8xB0iW1pilu2ZsIUFA,-1,0.0,0.0,0.11499999999999999,0.046,likely_human
UCT4h4tL5nDSO1rmkCXxitpQ,-1,0.0,0.0,0.3548369777382805,0.1419347910953122,likely_human
UCTD41eMpmZbUr3I0O7OXGCQ,5,0.49122807017543857,0.15329313660218605,0.11068962683475625,0.13625173269521412,likely_human
UCTHXRQNh6mp6c4LaHB-oyZA,-1,0.0,0.0,0.11499999999999999,0.046,likely_human
UCTJl3TW9OOUDverBUfjEc4g,-1,0.0,0.0,0.11499999999999999,0.046,likely_human
UCTKWirSJ6L9fFTdQzAziayA,2,0.4965986394557823,0.15347124556795308,0.11537243947858472,0.13823172313220575,likely_human
UCTMIhzxjycbx2aaixQKPaNw,-1,0.0,0.0,0.11249999999999999,0.045,likely_human
UCTT9PS5L6_OtIQ2D3gXdfxg,-1,0.0,0.0,0.11249999999999999,0.045,likely_human
UCThztlcshCuZKHQ4YbazRBA,-1,0.0,0.0,0.4134929502527268,0.16539718010109072,likely_human
UCTjkyjmPTgsLBJu_YYe4MJw,-1,0.0,0.0,0.11593109869646182,0.04637243947858473,likely_human
UCTn4NRP32LlIgsjAAMYznQg,-1,0.0,0.0,0.44046064355940007,0.17618425742376004,likely_human
UCU-paZtJg23F5_MKCgAB3ig,-1,0.0,0.0,0.11421928094887362,0.04568771237954945,likely_human
UCU2NfJkUu5cxZaNXNBkbF5w,-1,0.0,0.0,0.4555586592178771,0.18222346368715084,likely_human
UCU5Sdlx5DPy7s7pmcBtyPBg,-1,0.0,0.0,0.11499999999999999,0.046,likely_human
UCU6T9pKps1wOuk9RGryEntw,6,0.4642857142857143,0.16177277572131255,0.12040037243947857,0.14522381440857896,likely_human
UCU6lSZdP9_BtKvhnUP6ObsA,-1,0.0,0.0,0.11499999999999999,0.046,likely_human
UCUBiF3SOMsz3FuO3OJ4M7pQ,-1,0.0,0.0,0.10537243947858474,0.042148975791433896,likely_human
UCUOBe6NjUDBXfXYF_x7G1Ew,7,0.5151515151515151,0.15246140670321665,0.11518621973929236,0.13755133191764693,likely_human
UCUZGmtNnSdqFsElgXxFuJVg,15,0.4666666666666667,0.37669988762321366,0.45499999999999996,0.4080199325739282,likely_human
UCUbMg0L_zni-CenrwzaFY7g,-1,0.0,0.0,0.11499999999999999,0.046,likely_human
UCUcgWQJokH38r8T-7beREwQ,-1,0.0,0.0,0.08619013396973477,0.03447605358789391,likely_human
UCUhavO5KPAs2gbuSkBUN-BQ,13,0.4583333333333333,0.15231481481481482,0.11499999999999999,0.1373888888888889,likely_human
UCUhrEoKQ0LiWNgGEm0F5HJQ,-1,0.0,0.0,0.11499999999999999,0.046,likely_human
UCUi7GJlolBX8aKDQnuxyFRQ,2,0.4965986394557823,0.15347124556795308,0.11499999999999999,0.13808274734077186,likely_human
UCUjyP5WcPhzqmZhWK1wTx1g,-1,0.0,0.0,0.11537243947858472,0.04614897579143389,likely_human
UCUkeYMqyGxfiOkEqBpqm7YQ,9,0.4782608695652174,0.16039314754042788,0.11555865921787709,0.14245935221140757,likely_human
UCUpeaivoo0GqoS36XNGJMJA,-1,0.0,0.0,0.11021640636343319,0.04408656254537328,likely_human
UCUsWv83cFV7EZVm-BrM_74w,-1,0.0,0.0,0.3429032258064516,0.13716129032258065,likely_human
UCUy6g1oYQmJue8gfpeNWUeQ,2,0.4965986394557823,0.15347124556795308,0.11574487895716945,0.13838069892363963,likely_human
UCV-kWeEZD3czJDn4lswNI4Q,2,0.4965986394557823,0.15347124556795308,0.11499999999999999,0.13808274734077186,likely_human
UCV5yMpXzvj7pPuexOvDKvXw,5,0.49122807017543857,0.15329313660218605,0.11499999999999999,0.1379758819613116,likely_human
UCVE-Jfcn2C2zwzw41VtvcXA,5,0.49122807017543857,0.15329313660218605,0.11499999999999999,0.1379758819613116,likely_human
UCVEc5B79Mg3W3od7fDLWIfw,-1,0.0,0.0,0.11499999999999999,0.046,likely_human
UCVGuj72-fu5Aff66WreqGNA,5,0.49122807017543857,0.15329313660218605,0.11518621973929236,0.13805036985702857,likely_human
UCVIZe_89OvywjoCT4SDaNVQ,-1,0.0,0.0,0.11503640776699028,0.046014563106796115,likely_human
UCVNa64lUQbPcde3_vQQVvIw,-1,0.0,0.0,0.39249999999999996,0.157,likely_human
UCVSBJTfR3DtmJy7MCOdjCOQ,2,0.4965986394557823,0.15347124556795308,0.1144770277922009,0.1378735584576522,likely_human
UCVTYbnJVD77TKqslNYFvYUw,2,0.4965986394557823,0.15347124556795308,0.11345350936622436,0.1374641510872616,likely_human
UCVW9qLf9m9Y8EbxG0akYYiw,2,0.4965986394557823,0.15347124556795308,0.11431208948910324,0.13780758313641314,likely_human
UCV_g9r1HRyn6OtkEpUpqUTQ,5,0.49122807017543857,0.15329313660218605,0.11499999999999999,0.1379758819613116,likely_human
UCVau4qCU2rp3sAbd60T80RA,-1,0.0,0.0,0.11225480556997869,0.04490192222799148,likely_human
UCVbLwLStZaW4QC5vXdLEuLA,-1,0.0,0.0,0.1768562874251497,0.07074251497005989,likely_human
UCVdDy1HQjsBPQLpkPsCdz4A,-1,0.0,0.0,0.11593109869646182,0.04637243947858473,likely_human
UCVhGwBg84MHlzsT8Y5MhXig,5,0.49122807017543857,0.15329313660218605,0.11518621973929236,0.13805036985702857,likely_human
UCVh_68Kyz2zK8-RIi6EVl3g,-1,0.0,0.0,0.11503568701007799,0.0460142748040312,likely_human
UCVkxWQzE8dGw8oO9UvO-jHQ,5,0.49122807017543857,0.15329313660218605,0.11518621973929236,0.13805036985702857,likely_human
UCVozJeRZA3iAYT6p56M39hw,-1,0.0,0.0,0.11499999999999999,0.046,likely_human
UCVpmOLPFirArA-TCAn4IX9A,-1,0.0,0.0,0.20509310986964618,0.08203724394785848,likely_human
UCVqvujtPB9hIv2VjHXQnaKQ,2,0.5011337868480726,0.15347124556795308,0.11499999999999999,0.13808274734077186,likely_human
UCVsq-iftFvX47o6FdUd8LYQ,2,0.4965986394557823,0.15347124556795308,0.11555865921787709,0.13830621102792268,likely_human
UCVtMo_DgsT45imuyTlbcPHg,-1,0.0,0.0,0.17160244044480027,0.06864097617792012,likely_human
UCVuTz6eJZg8DsWQ8mi7nHeg,-1,0.0,0.0,0.2020734045261881,0.08082936181047524,likely_human
UCW01DZBOUk4NMZDTAJCveew,5,0.49122807017543857,0.15329313660218605,0.11499999999999999,0.1379758819613116,likely_human
UCW13NTrqDXMdFGxm6pWbHWw,5,0.49122807017543857,0.15329313660218605,0.11499999999999999,0.1379758819613116,likely_human
UCW5vFvlkgPklAdbl-ismA3A,-1,0.0,0.0,0.45221928094887365,0.18088771237954948,likely_human
UCW6iRUl51b2gYYdFnWez9oA,0,0.58,0.15149320321829496,0.11499999999999999,0.13689592193097697,likely_human
UCW8Fd8l_6iwCFsBLPLJhQnA,2,0.49773242630385484,0.15347124556795308,0.11451343555919119,0.13788812156444832,likely_human
UCW9Ixw_6-ZzLNMqkhOvEWjw,-1,0.0,0.0,0.11421928094887362,0.04568771237954945,likely_human
UCWCzB6NxSqKU7j7nMjxxTlA,-1,0.0,0.0,0.5001612903225806,0.20006451612903225,likely_human
UCWHUBOpqYgnD0Z0XKgo5mdg,-1,0.0,0.0,0.20500000000000002,0.08200000000000002,likely_human
UCWP737TFzF1RQxEWpMKm7bw,-1,0.0,0.0,0.11499999999999999,0.046,likely_human
UCWVGDC6eYqj4F6omc9eXOIA,-1,0.0,0.0,0.11499999999999999,0.046,likely_human
UCWXtmCaCfZElx5OSFr-3UUA,12,0.5333333333333333,0.1523458514380302,0.11499999999999999,0.1374075108628181,likely_human
UCWYDCWXY-XWbl18CLG9xPEQ,-1,0.0,0.0,0.45268621973929235,0.18107448789571695,likely_human
UCWYI5Q_VD-gYS-pCd9wiA3w,-1,0.0,0.0,0.25159050017992085,0.10063620007196834,likely_human
UCWduijRtro9_QblYZBs1r6Q,9,0.4782608695652174,0.16039314754042788,0.11537243947858472,0.1423848643156906,likely_human
UCWeBWntIm-XnWkmt5iWRyqA,-1,0.0,0.0,0.11499999999999999,0.046,likely_human
UCWhY4XjXf_avv52CSETaH3Q,-1,0.0,0.0,0.11499999999999999,0.046,likely_human
UCWtp-66wdx7KQ7YWYldJ6xg,-1,0.0,0.0,0.11499999999999999,0.046,likely_human
UCX8DSy3C380jAeeI6pxNUyQ,-1,0.0,0.0,0.11555865921787709,0.046223463687150836,likely_human
UCX92uMjmM1UW6qv6npMphLw,2,0.4965986394557823,0.15347124556795308,0.11499999999999999,0.13808274734077186,likely_human
UCXDXBoVsUvp0h0ELMVev0xQ,-1,0.0,0.0,0.11499999999999999,0.046,likely_human
UCXTcNdsfbGdMln4byEu-lrQ,2,0.4965986394557823,0.15347124556795308,0.11499999999999999,0.13808274734077186,likely_human
UCXUd8BgXOLOc6EVbVY4AMyA,-1,0.0,0.0,0.11611731843575418,0.04644692737430167,likely_human
UCXUdceOWrtDLzgMHLf2fgRw,-1,0.0,0.0,0.11499999999999999,0.046,likely_human
UCXaLwnsIQiDErFaRbNXLR1w,-1,0.0,0.0,0.11518621973929236,0.04607448789571694,likely_human
UCXczp-TDiWbtDo5AuvhD-7Q,10,0.46153846153846156,0.3072532203718812,0.45499999999999996,0.3663519322231287,likely_human
UCXjEPSakpxyoGpAYX_KX2yQ,2,0.4965986394557823,0.15347124556795308,0.11499999999999999,0.13808274734077186,likely_human
UCY0Y7bmXldyQGMWdl3cnd1Q,-1,0.0,0.0,0.45509310986964613,0.18203724394785847,likely_human
UCY1rWd3r29SOT74urrmB12g,-1,0.0,0.0,0.11499999999999999,0.046,likely_human
UCY1tqAhHlNmd2HF7fh-4MUw,2,0.4965986394557823,0.15347124556795308,0.11499999999999999,0.13808274734077186,likely_human
UCY3oJLso_yBnkBLHrd7G8Zw,-1,0.0,0.0,0.4577001862197393,0.18308007448789573,likely_human
UCY6AhpfVmntbiHWPjYbqF6Q,2,0.4977324263038549,0.15347124556795308,0.11499999999999999,0.13808274734077186,likely_human
UCY7Z2gK20sw6wQjJrdpclsg,2,0.4965986394557823,0.15347124556795308,0.11537243947858472,0.13823172313220575,likely_human
UCYBEGGHavpGlWjy1OYjrQfw,-1,0.0,0.0,0.11537243947858472,0.04614897579143389,likely_human
UCYIkNVYsVA1EbReH7RJeClA,2,0.4965986394557823,0.15347124556795308,0.11421928094887362,0.13777045972032131,likely_human
UCYMThxci4t0QVYVQ4C56JTA,-1,0.0,0.0,0.11574487895716945,0.046297951582867786,likely_human
UCYMsfoC_-5mkxtXfJMcydBA,-1,0.0,0.0,0.11537243947858472,0.04614897579143389,likely_human
UCYRi_EE1p-T6E8yyH7ST4uw,-1,0.0,0.0,0.11593109869646182,0.04637243947858473,likely_human
UCYT1UztaAy4zqMSUbmr68EQ,-1,0.0,0.0,0.11518621973929236,0.04607448789571694,likely_human
UCYhGDL_eLyc_Y8huk14MhSA,-1,0.0,0.0,0.11499999999999999,0.046,likely_human
UCYm6dE_3-u8aTuVXPoXDZyQ,2,0.4965986394557823,0.15347124556795308,0.11499999999999999,0.13808274734077186,likely_human
UCYta6KtU-5pojbQMc0Tp3Zg,-1,0.0,0.0,0.11574487895716945,0.046297951582867786,likely_human
UCYtoJIgceO1KGshmHCwbHbw,-1,0.0,0.0,0.11499999999999999,0.046,likely_human
UCZ0N5jNaZ5cK2N8llnV8IMA,16,0.375,0.15553909674021407,0.11518621973929236,0.1393979459398454,likely_human
UCZ1bnckMFix-s2a7CYvnpkA,-1,0.0,0.0,0.11499999999999999,0.046,likely_human
UCZB1qbGJkEUVR97R4ri39OA,-1,0.0,0.0,0.11522262750628265,0.046089051002513065,likely_human
UCZKCDXFqZdjaiOwy8eEFZiw,5,0.49122807017543857,0.15329313660218605,0.11499999999999999,0.1379758819613116,likely_human
UCZZu0r8zHSKcXujRKoU960w,2,0.4965986394557823,0.15347124556795308,0.11499999999999999,0.13808274734077186,likely_human
UCZbFSWpbyFm4YJYMWS461qQ,-1,0.0,0.0,0.11503640776699028,0.046014563106796115,likely_human
UCZpeU6-c-6-3-Z6YCaubvvg,10,0.46153846153846156,0.3072532203718812,0.45499999999999996,0.3663519322231287,likely_human
UCZplxgbD13jybVKyT-iRftw,2,0.4965986394557823,0.15347124556795308,0.11363220843845315,0.1375356307161531,likely_human
UC_3au_ZIuSt4IzwdFf8U8TA,5,0.49122807017543857,0.15329313660218605,0.11518621973929236,0.13805036985702857,likely_human
UC_6ZwfykfUeVj3ORQiSaXeQ,-1,0.0,0.0,0.11555865921787709,0.046223463687150836,likely_human
UC_6pFmwyieT-GJdfVnQourA,-1,0.0,0.0,0.11518621973929236,0.04607448789571694,likely_human
UC_911fx6x-1n__XCp8-z2uQ,0,0.58,0.15149320321829496,0.11499999999999999,0.13689592193097697,likely_human
UC_LaNSA_mQ0fVD8HM2naAEA,2,0.4965986394557823,0.15347124556795308,0.11499999999999999,0.13808274734077186,likely_human
UC_UEw_ovqsA-V9CCSJoRmuQ,6,0.4642857142857143,0.16177277572131255,0.12040037243947857,0.14522381440857896,likely_human
UC_VYfMtl_PMqNM0GJ3Nc-IA,11,0.4761904761904762,0.15411292359616383,0.11499999999999999,0.1384677541576983,likely_human
UC_YBe3CiCIZdoD3xqP8JjVA,-1,0.0,0.0,0.11499999999999999,0.046,likely_human
UC_eRlMdhoE47yB30lbXYRRA,-1,0.0,0.0,0.11499999999999999,0.046,likely_human
UC_i7KGj6fjiQEVaXE9urlgw,-1,0.0,0.0,0.11503640776699028,0.046014563106796115,likely_human
UC_k3C55EF57oael0uE_NQng,-1,0.0,0.0,0.11499999999999999,0.046,likely_human
UC_kfrOjefh7AeKFm9C-5XqA,2,0.4965986394557823,0.15347124556795308,0.11593109869646182,0.1384551868193566,likely_human
UC_qc8j1K8JlBsnEciakhUVw,-1,0.0,0.0,0.11555865921787709,0.046223463687150836,likely_human
UC_soD4jtKDsi92_WtQbluCg,-1,0.0,0.0,0.11537243947858472,0.04614897579143389,likely_human
UC_zig3K5g6TDp4hJQOe6GIA,-1,0.0,0.0,0.11630353817504654,0.04652141527001862,likely_human
UCa1ObR-qQ3cBZOQIMMRIr9g,-1,0.0,0.0,0.45543451272501556,0.18217380509000625,likely_human
UCaH2kJZJB_pQrOeyxXIksRw,7,0.45454545454545453,0.15246140670321665,0.11518621973929236,0.13755133191764693,likely_human
UCaMK5JsXHgOjjy1BPKcWk7g,18,0.3333333333333333,0.1560646787397749,0.11499999999999999,0.13963880724386493,likely_human
UCaPT6DWr88E-2Ul_9qKoUfw,-1,0.0,0.0,0.4614516129032258,0.18458064516129033,likely_human
UCaPvRBH9wmm6SHwMa36hRCA,2,0.4965986394557823,0.15347124556795308,0.11555865921787709,0.13830621102792268,likely_human
UCaSza3LTGFZh58_LA8_hkKw,-1,0.0,0.0,0.11021640636343319,0.04408656254537328,likely_human
UCaY5Tig0ww-eqt-8C_yOTzw,-1,0.0,0.0,0.11499999999999999,0.046,likely_human
UCaa22TRx3oy9oWbQ64YtVnA,-1,0.0,0.0,0.11555865921787709,0.046223463687150836,likely_human
UCab-H5MpE2Tx0uDa7yXaeDQ,15,0.4666666666666667,0.37669988762321366,0.45509310986964613,0.40805717652178664,likely_human
UCafjl3uP6Pv93ocgcIrU-nQ,8,0.4166666666666667,0.15234067866749432,0.11499999999999999,0.13740440720049657,likely_human
UCalcD-CeC1xx7JPR-jeTaxA,-1,0.0,0.0,0.4555586592178771,0.18222346368715084,likely_human
UCanXfrPAift1zyybE-n2Thw,-1,0.0,0.0,0.11431208948910324,0.045724835795641294,likely_human
UCap5IcsCw2qnxZZMYOO79dA,4,0.4444444444444444,0.15231481481481482,0.11499999999999999,0.1373888888888889,likely_human
UCatYzo-mTmSj27p1GHzlfrA,2,0.4965986394557823,0.15347124556795308,0.1141829583405449,0.13775593067698982,likely_human
UCazYNn87_9k35Qd4CpNkH7A,2,0.5,0.15347124556795308,0.11499999999999999,0.13808274734077186,likely_human
UCb-q5_DrRCNntC_Vqroehtw,-1,0.0,0.0,0.11221928094887362,0.04488771237954945,likely_human
UCb2rf64BnTohucpKqGGKAoQ,-1,0.0,0.0,0.11499999999999999,0.046,likely_human
UCb7Kir-JcM94oCRtGAoMgTA,9,0.4782608695652174,0.16039314754042788,0.11499999999999999,0.14223588852425673,likely_human
UCb7xVC8H8H0Rax41wFo09BA,-1,0.0,0.0,0.11477794016675072,0.04591117606670029,likely_human
UCbB-6HGmeRWWVzsaAEvgq0w,-1,0.0,0.0,0.11518621973929236,0.04607448789571694,likely_human
UCbKomtKLpbLHe_pRv0jbzHA,10,0.46153846153846156,0.3072532203718812,0.4551862197392924,0.3664264201188457,likely_human
UCbaqEtCfHIiG_236SVlsQIQ,-1,0.0,0.0,0.11518621973929236,0.04607448789571694,likely_human
UCbc7RAIOKxBAtCBPhl117cQ,2,0.4965986394557823,0.15347124556795308,0.11499999999999999,0.13808274734077186,likely_human
UCbcdiCQmHPJJvM9gSFh0hBA,4,0.4444444444444444,0.15231481481481482,0.11499999999999999,0.1373888888888889,likely_human
UCbdOYagMB-l8HDONlr8TuyA,5,0.49122807017543857,0.15329313660218605,0.11537243947858472,0.13812485775274552,likely_human
UCbfjI2yj-FIfMf-aqNfL2OQ,2,0.4965986394557823,0.15347124556795308,0.11555865921787709,0.13830621102792268,likely_human
UCbiGynlw4P3ePemswUTB99w,-1,0.0,0.0,0.11499999999999999,0.046,likely_human
UCbmG8Bw5c0B-2XoxIS2fiuA,0,0.58,0.15149320321829496,0.11459172042745835,0.1367326101019603,likely_human
UCbmh4OKy0_PUB417WRF4YmA,15,0.4666666666666667,0.37669988762321366,0.45499999999999996,0.4080199325739282,likely_human
UCbsDxBaQkNhb4nsJ00g5O1Q,-1,0.0,0.0,0.11421928094887362,0.04568771237954945,likely_human
UCbxeib7zjHk_NAJWY8hIVCQ,4,0.4444444444444444,0.15231481481481482,0.11499999999999999,0.1373888888888889,likely_human
UCbxupIdI1qmSb6Lz2ZJyWFQ,18,0.3333333333333333,0.1560646787397749,0.11499999999999999,0.13963880724386493,likely_human
UCc6ATpGXW1AKrCC8FfRse8g,-1,0.0,0.0,0.11667597765363127,0.046670391061452515,likely_human
UCcIbZUolTeK7vvziberdHbw,-1,0.0,0.0,0.45499999999999996,0.182,likely_human
UCcKdqhjISWeIxYQwz7sYUBg,-1,0.0,0.0,0.11537243947858472,0.04614897579143389,likely_human
UCcMHaQMvrbdM3GM4RtHm8KA,-1,0.0,0.0,0.11499999999999999,0.046,likely_human
UCcWNYKGMQI7SjTd2rJyxgqA,2,0.4965986394557823,0.15347124556795308,0.11593109869646182,0.1384551868193566,likely_human
UCcZhNbwpkLY-PFfeKMC9TNA,5,0.49122807017543857,0.15329313660218605,0.1144770277922009,0.13776669307819198,likely_human
UCcbuTv_sl50kb3_LKNW7fRw,2,0.4965986394557823,0.15347124556795308,0.11499999999999999,0.13808274734077186,likely_human
UCcep3XXG_Eso1u31whngCag,-1,0.0,0.0,0.11537243947858472,0.04614897579143389,likely_human
UCcgyWfGly9_RUYQdfIDkBtA,-1,0.0,0.0,0.11499999999999999,0.046,likely_human
UCcj4k-PhJmKAAkCs6VwDFZw,5,0.49122807017543857,0.15329313660218605,0.11574487895716945,0.1382738335441794,likely_human
UCck3DFwlSb4-0RIxO0rSaOg,2,0.4965986394557823,0.15347124556795308,0.11499999999999999,0.13808274734077186,likely_human
UCckgADRsBadvhFikW4YtFJA,2,0.4965986394557823,0.15347124556795308,0.11518621973929236,0.1381572352364888,likely_human
UCcl-qjL1SR3HTYH_VhkuKpA,-1,0.0,0.0,0.4562290502793296,0.18249162011173184,likely_human
UCcl4qlAnwAYGTV3jKouse8w,-1,0.0,0.0,0.12040037243947857,0.048160148975791434,likely_human
UCcm7HNMWIpW3aqArqLH25XA,-1,0.0,0.0,0.11499999999999999,0.046,likely_human
UCcmtqx6Oi4eruCXJIw3FAKQ,-1,0.0,0.0,0.11499999999999999,0.046,likely_human
UCcvIm3-GV7j3ZAK9BAAeJRQ,-1,0.0,0.0,0.11574487895716945,0.046297951582867786,likely_human
UCcyRedFc-OcJEoIDzv6y5nA,15,0.4666666666666667,0.37669988762321366,0.45499999999999996,0.4080199325739282,likely_human
UCcyd-UU2qGMW9gWZpHMAbsQ,-1,0.0,0.0,0.11499999999999999,0.046,likely_human
UCd-I542xROsgVBRYwUoy98g,-1,0.0,0.0,0.11611731843575418,0.04644692737430167,likely_human
UCd2-pX9kldbelqmHXONpeiA,9,0.4782608695652174,0.16039314754042788,0.11307354922057605,0.14146530821248715,likely_human
UCd3NBkVgp01r3GcyPL-j9JA,4,0.4444444444444444,0.15231481481481482,0.11499999999999999,0.1373888888888889,likely_human
UCd5hm-Hf4qzNTvNJFPA9bQw,8,0.3888888888888889,0.15234067866749432,0.11499999999999999,0.13740440720049657,likely_human
UCdIdgM2BbG4U9F7tKYG70ig,-1,0.0,0.0,0.4552482929857231,0.18209931719428926,likely_human
UCdPeEx6xWwXjKdC1rBiORcA,2,0.4965986394557823,0.15347124556795308,0.11499999999999999,0.13808274734077186,likely_human
UCdUz_jfe44Q-96V-lzbccNQ,-1,0.0,0.0,0.11518621973929236,0.04607448789571694,likely_human
UCdsYAN7uUAXvgvFOh00aFMQ,-1,0.0,0.0,0.11499999999999999,0.046,likely_human
UCdtY2s42snujv9eGvfUqrxw,-1,0.0,0.0,0.11499999999999999,0.046,likely_human
UCe1sMgA-OYEOHT-XiMpKqvg,6,0.4642857142857143,0.16177277572131255,0.12040037243947857,0.14522381440857896,likely_human
UCe2TpMohC1R2I_exGiPDcSg,-1,0.0,0.0,0.4617309425121644,0.18469237700486577,likely_human
UCe5m6nE7GE3Cl5gQqmaFFgA,-1,0.0,0.0,0.1523118510738288,0.060924740429531526,likely_human
UCe7xYz5imHzc8wBr4vHOqpA,0,0.58,0.15149320321829496,0.11537243947858472,0.13704489772241085,likely_human
UCeD-iQUfqWt9RZAYUY0--mg,-1,0.0,0.0,0.11499999999999999,0.046,likely_human
UCeGW1O7p8Ma6oIyIXoqvbSw,-1,0.0,0.0,0.4550620732464308,0.18202482929857233,likely_human
UCeQ9-vfTl4AMXHj5RfEA0Ew,3,0.4375,0.1583828556691871,0.11555865921787709,0.1412531770886631,likely_human
UCeV9SiQ8ywwtk0L6d747erg,2,0.4965986394557823,0.15347124556795308,0.11499999999999999,0.13808274734077186,likely_human
UCeYbzCZOusjMlDceOPdEEMQ,-1,0.0,0.0,0.10540373393688496,0.04216149357475399,likely_human
UCecdlboAiNojl72fty50e2w,5,0.49122807017543857,0.15329313660218605,0.11499999999999999,0.1379758819613116,likely_human
UCeiSF1NFajJBHYCq93FuXxA,-1,0.0,0.0,0.1144770277922009,0.04579081111688036,likely_human
UCelnhTnuIR3CrMs0FqcoKnQ,2,0.4965986394557823,0.15347124556795308,0.11499999999999999,0.13808274734077186,likely_human
UCesju7weRcWO8UPvmVnScLQ,-1,0.0,0.0,0.4552793296089386,0.18211173184357543,likely_human
UCeuzb0xB0Y8aXVX5V4rtmHA,5,0.49122807017543857,0.15329313660218605,0.11499999999999999,0.1379758819613116,likely_human
UCf-iZc77p7-pVC8Tj-LexPw,2,0.4965986394557823,0.15347124556795308,0.11537243947858472,0.13823172313220575,likely_human
UCf1tCm43Vcxi6s1KRjOSREw,-1,0.0,0.0,0.4679032258064516,0.18716129032258066,likely_human
UCf4kgcg715hlOlE0PNKkfpQ,-1,0.0,0.0,0.11499999999999999,0.046,likely_human
UCfAa5QGeAD22ptw-A-Mf3Mg,-1,0.0,0.0,0.11499999999999999,0.046,likely_human
UCfK_X9UAfA2uxZ1LMcsLSdw,-1,0.0,0.0,0.3558809395086202,0.1423523758034481,likely_human
UCf_3aPkazpol4AeDhoLWJaw,-1,0.0,0.0,0.11499999999999999,0.046,likely_human
UCfcHUBA8-YbKaBT1CRNNbcA,-1,0.0,0.0,0.11499999999999999,0.046,likely_human
UCfjgzlz4r_F5VkAQ2FxwQbA,-1,0.0,0.0,0.11421928094887362,0.04568771237954945,likely_human
UCfkZWaLc8AQ2wKHRqVCNBiQ,-1,0.0,0.0,0.11503568701007799,0.0460142748040312,likely_human
UCfny3efX9gQJNhElT96VCCA,15,0.4666666666666667,0.37669988762321366,0.45499999999999996,0.4080199325739282,likely_human
UCfrEeubXEes9hrLNZnkdSAg,7,0.5151515151515151,0.15246140670321665,0.11499999999999999,0.13747684402193,likely_human
UCfwpABOUuFUHo4kmpEjNceg,11,0.4761904761904762,0.15411292359616383,0.11499999999999999,0.1384677541576983,likely_human
UCg0hVeMriqtNu3P3AdtMOvQ,2,0.4965986394557823,0.15347124556795308,0.11518621973929236,0.1381572352364888,likely_human
UCg945UepsND2PAOodrRFKqg,-1,0.0,0.0,0.11499999999999999,0.046,likely_human
UCgBrTYJJH5aX4wo6z9FL8PA,5,0.49122807017543857,0.15329313660218605,0.11499999999999999,0.1379758819613116,likely_human
UCgDDv99Z6HOdkmkyili89cw,-1,0.0,0.0,0.11499999999999999,0.046,likely_human
UCgGWBcfT2Q54H9rEyS6sBog,-1,0.0,0.0,0.45499999999999996,0.182,likely_human
UCgIPu2JvOnLH-mHzifGrEpA,15,0.4666666666666667,0.37669988762321366,0.4551862197392924,0.40809442046964517,likely_human
UCgNghI1p4gO8xB11fkHNYEw,-1,0.0,0.0,0.11499999999999999,0.046,likely_human
UCgRVfh_p9FpJu6zxOhXzOwQ,2,0.4965986394557823,0.15347124556795308,0.11611731843575418,0.13852967471507352,likely_human
UCgTWyYiQzfMy4Gch-vKrb3g,5,0.49122807017543857,0.15329313660218605,0.11499999999999999,0.1379758819613116,likely_human
UCgV3_9s3Nqs74nWo43m7F3Q,2,0.4965986394557823,0.15347124556795308,0.11499999999999999,0.13808274734077186,likely_human
UCgWiYXuj1LgqdF5T0zG42JQ,0,0.6133333333333333,0.15149320321829496,0.11499999999999999,0.13689592193097697,likely_human
UCgXCIqqzyJv71lwbJIp2ZBg,0,0.58,0.15149320321829496,0.11555865921787709,0.1371193856181278,likely_human
UCgXH5jCdw71LosQD8wbLJ4Q,10,0.46153846153846156,0.3072532203718812,0.18195664590286825,0.257134590584276,likely_human
UCgdJEO-17gxQ9_NGnkruAMA,-1,0.0,0.0,0.33,0.132,likely_human
UCgdTDgIj0HsPySqWMCJplKg,-1,0.0,0.0,0.11499999999999999,0.046,likely_human
UCggGADJSBJnXh7S754QSHRA,5,0.49122807017543857,0.15329313660218605,0.11499999999999999,0.1379758819613116,likely_human
UCgrDAEeSwGlIMladakYXf6Q,2,0.4965986394557823,0.15347124556795308,0.11518621973929236,0.1381572352364888,likely_human
UCh2ucsyHyzN7krE70kiZrQQ,-1,0.0,0.0,0.4577001862197393,0.18308007448789573,likely_human
UCh5cmG-rVjQj2JZniJ4WHxg,0,0.58,0.15149320321829496,0.11499999999999999,0.13689592193097697,likely_human
UCh5kS0zAIaVkaCQoC_4zMhw,-1,0.0,0.0,0.24391573250869736,0.09756629300347895,likely_human
UCh5yhAjoLFPvEF70QtQZouQ,-1,0.0,0.0,0.11574487895716945,0.046297951582867786,likely_human
UChA43VcI1nAhRdlMrDRq8oA,-1,0.0,0.0,0.11499999999999999,0.046,likely_human
UChGR4qV2yRIwBIf4lnVf1-Q,2,0.4965986394557823,0.15347124556795308,0.11499999999999999,0.13808274734077186,likely_human
UChTBZv1KwZM0ldVXpoL3XPw,5,0.49122807017543857,0.15329313660218605,0.11499999999999999,0.1379758819613116,likely_human
UChWSbZcbmoS3Jj34trkL3yQ,2,0.4965986394557823,0.15347124556795308,0.11555865921787709,0.13830621102792268,likely_human
UChWx0nj_djPKXMT0us-MCNQ,6,0.4642857142857143,0.16177277572131255,0.11987740023167948,0.14501462552545932,likely_human
UChj19SSVsPTuGa5Oofg87sA,7,0.45454545454545453,0.15246140670321665,0.11537243947858472,0.1376258198133639,likely_human
UChm_MMON9skUAkGOWwJgPDw,-1,0.0,0.0,0.11518621973929236,0.04607448789571694,likely_human
UChv0bhwuSCe3rAVKduVeVuA,-1,0.0,0.0,0.11555865921787709,0.046223463687150836,likely_human
UChvKXVuEunj2nn21dCpAOQg,5,0.49122807017543857,0.15329313660218605,0.11499999999999999,0.1379758819613116,likely_human
UCi4UplTsHwEToJqwYdZ83JA,-1,0.0,0.0,0.11499999999999999,0.046,likely_human
UCiBpYXwMVqB2W9HslDuo7KA,-1,0.0,0.0,0.11499999999999999,0.046,likely_human
UCiI-mpynFBk7o6R_tBxO-vQ,5,0.49122807017543857,0.15329313660218605,0.11518621973929236,0.13805036985702857,likely_human
UCiLSXSKm9lIbDwJ0oaMaHDA,2,0.4965986394557823,0.15347124556795308,0.1144770277922009,0.1378735584576522,likely_human
UCiZNWAIo3qDKQPsqsTBeKEQ,-1,0.0,0.0,0.11499999999999999,0.046,likely_human
UCiZlxqFPOVIk8WDbI8mCSUw,10,0.46153846153846156,0.3072532203718812,0.20500000000000002,0.2663519322231287,likely_human
UCiaTo2jJYQe_ijeE4ZypDag,0,0.48,0.15149320321829496,0.11084962500721157,0.1352357719338616,likely_human
UCibLFWHbliMMtl8_5FWqDvQ,-1,0.0,0.0,0.20907011673522552,0.08362804669409021,likely_human
UCieDu1IOUSNjvGj9btDmb7A,-1,0.0,0.0,0.11499999999999999,0.046,likely_human
UCis65cHFZVyUa1HEBxxVitA,-1,0.0,0.0,0.2077001862197393,0.08308007448789573,likely_human
UCisfDskLBNi5LDESySRCO2g,5,0.49122807017543857,0.15329313660218605,0.11503640776699028,0.13799044506810773,likely_human
UCj1_0NX_bMsjSnDiPXxuUUg,-1,0.0,0.0,0.4812720009611341,0.19250880038445364,likely_human
UCj7ay9ydqmRCU1yuVGuWZfA,2,0.4965986394557823,0.15347124556795308,0.11537243947858472,0.13823172313220575,likely_human
UCjFAmulYbpLcmBU6QxxyhsA,-1,0.0,0.0,0.11344598869916078,0.04537839547966432,likely_human
UCjNVuGzu9WJFbhtmsEc1qUA,10,0.46153846153846156,0.3072532203718812,0.4551862197392924,0.3664264201188457,likely_human
UCjPkjZQKPuIMjFvpQdBiFFA,-1,0.0,0.0,0.11499999999999999,0.046,likely_human
UCjVu68z0FXJxl6Gqci3RchA,-1,0.0,0.0,0.11499999999999999,0.046,likely_human
UCj_I0h0BiF9ZfWsprYEF3BA,-1,0.0,0.0,0.12013877207737594,0.04805550883095038,likely_human
UCj_YiGeGZPbSR3TT9YpvKyQ,-1,0.0,0.0,0.11499999999999999,0.046,likely_human
UCjcotirRqShPEvqwTsFGsrw,5,0.49122807017543857,0.15329313660218605,0.11499999999999999,0.1379758819613116,likely_human
UCjevm4-grJQ4yE1wVE80hpw,15,0.4666666666666667,0.37669988762321366,0.45499999999999996,0.4080199325739282,likely_human
UCjhnJTzHprIaA4X_Z02fTIg,-1,0.0,0.0,0.4811788910914879,0.1924715564365952,likely_human
UCjqkDbo69GLct65EguloWmg,-1,0.0,0.0,0.11555865921787709,0.046223463687150836,likely_human
UCjuvLf4wCnBBnkd1ITedHow,-1,0.0,0.0,0.11499999999999999,0.046,likely_human
UCjxZPjWr_m8Chym7FLePWVw,-1,0.0,0.0,0.11077506558131028,0.04431002623252411,likely_human
UCk-sNFFq9kEKIsacWUXL4tg,-1,0.0,0.0,0.11499999999999999,0.046,likely_human
UCk16rbzEdzebxPAs1fqDyWA,-1,0.0,0.0,0.3364516129032258,0.1345806451612903,likely_human
UCk25YJiHbZcCdkt3uYgHBbw,9,0.4782608695652174,0.16039314754042788,0.11499999999999999,0.14223588852425673,likely_human
UCk3HREluapi1cF-soKd_8ww,-1,0.0,0.0,0.11667597765363127,0.046670391061452515,likely_human
UCk4mA5J_4dhNhcHvfkC5x9Q,2,0.5,0.15347124556795308,0.11518621973929236,0.1381572352364888,likely_human
UCkNMhcnT0W7s_in0cDU5fbw,5,0.49122807017543857,0.15329313660218605,0.1144770277922009,0.13776669307819198,likely_human
UCl1toNHUJgM988GQYSsFqKg,2,0.4965986394557823,0.15347124556795308,0.11518621973929236,0.1381572352364888,likely_human
UClD9-wVfg6pjoVzSlxpF8GA,2,0.4965986394557823,0.15347124556795308,0.11499999999999999,0.13808274734077186,likely_human
UClG957vif3g3iayI1T-t3-A,5,0.49122807017543857,0.15329313660218605,0.11499999999999999,0.1379758819613116,likely_human
UClLBby0ANSDWn048AvbaKkQ,-1,0.0,0.0,0.1195401431713061,0.04781605726852244,likely_human
UClLCEKRAolSMZib8Jqu0Z3A,-1,0.0,0.0,0.11667597765363127,0.046670391061452515,likely_human
UClRiKPkg2EilRg9SCQ5XUOA,-1,0.0,0.0,0.11421928094887362,0.04568771237954945,likely_human
UClTGENjzs6_pCd-nWfP2FcA,9,0.4782608695652174,0.16039314754042788,0.11499999999999999,0.14223588852425673,likely_human
UClWdzNSj1fOYUnhxaLgSyTA,-1,0.0,0.0,0.11499999999999999,0.046,likely_human
UClb8OyOGdG6MIpKWl9HTr8A,-1,0.0,0.0,0.15767212325469426,0.06306884930187771,likely_human
UCleQj4oNmsU1J5zTdZWxXaw,2,0.4965986394557823,0.15347124556795308,0.11574487895716945,0.13838069892363963,likely_human
UClpA-mG5ba3iHNvUoe77n4A,5,0.49122807017543857,0.15329313660218605,0.11518621973929236,0.13805036985702857,likely_human
UClpAhg6zLZAg9HZjLNJgnDA,-1,0.0,0.0,0.45582712090207056,0.18233084836082825,likely_human
UCm1LZ7IGUftFOdyoh4RdSkw,-1,0.0,0.0,0.11499999999999999,0.046,likely_human
UCm8ROGd7vtY-FmWGHY5NjXw,2,0.4965986394557823,0.15347124556795308,0.11499999999999999,0.13808274734077186,likely_human
UCmB5UTgxQpyGkkx_zh8z79Q,-1,0.0,0.0,0.11578128672415974,0.0463125146896639,likely_human
UCmQL-9Pg8hh9q0nyWi24Uzg,10,0.46153846153846156,0.3072532203718812,0.20583798882681564,0.26668712775385495,likely_human
UCmQiN3gM8R7ermx_N8TxZhQ,-1,0.0,0.0,0.11499999999999999,0.046,likely_human
UCmQsIXpFWwLd50qNkDFUUag,15,0.4666666666666667,0.37669988762321366,0.45499999999999996,0.4080199325739282,likely_human
UCmi9cNmb8XTXxCVJc1G3FLQ,-1,0.0,0.0,0.4577001862197393,0.18308007448789573,likely_human
UCmiVJUieGniaC6X-2ovB6bg,-1,0.0,0.0,0.11484946727078563,0.045939786908314253,likely_human
UCn3ZghRTKz_ZtL4MvSp4QXw,-1,0.0,0.0,0.11499999999999999,0.046,likely_human
UCn5tseiFMqBj4a4LMEwyj6w,9,0.4782608695652174,0.16039314754042788,0.11432599047111988,0.14196628471270467,likely_human
UCnBgsDPs_wdpDxKM9Lfxobg,-1,0.0,0.0,0.22640373692324178,0.09056149476929672,likely_human
UCnE2_0tfPNMzhI78gSc_ZZg,15,0.4666666666666667,0.37669988762321366,0.45499999999999996,0.4080199325739282,likely_human
UCnEpEqfGLxNWrtQRvi6E4TA,-1,0.0,0.0,0.11496415990604308,0.04598566396241724,likely_human
UCnFdmuzrQ-rk1KI1cl1S2lg,-1,0.0,0.0,0.3185245901639344,0.12740983606557377,likely_human
UCnNO6ZcDk1vJRf_asBsH9Iw,2,0.4965986394557823,0.15347124556795308,0.11499999999999999,0.13808274734077186,likely_human
UCnOyYauPhY6T73QsYJj_WuQ,2,0.4965986394557823,0.15347124556795308,0.11499999999999999,0.13808274734077186,likely_human
UCnPsbE35-8AH7IfPAbnoA2A,5,0.49122807017543857,0.15329313660218605,0.11373140679513133,0.13746844467936414,likely_human
UCnRsZY8cF-EBkd6N5LSgY0g,-1,0.0,0.0,0.11499999999999999,0.046,likely_human
UCnT2knvEm26M3gxCN6sAceg,-1,0.0,0.0,0.11499999999999999,0.046,likely_human
UCnXHtpLnK5geH_o6NV6Iv5g,-1,0.0,0.0,0.4552482929857231,0.18209931719428926,likely_human
UCnampIleLdtXTMgQuDS3LUw,-1,0.0,0.0,0.11499999999999999,0.046,likely_human
UCneQAuSH0utRNqg2xcUYk1g,-1,0.0,0.0,0.11499999999999999,0.046,likely_human
UCnebvKeJmfodUmJjv8BrSeA,-1,0.0,0.0,0.2059310986964618,0.08237243947858473,likely_human
UCnhXG4_fk29pwbHrYjzCvTw,-1,0.0,0.0,0.12598825736113012,0.05039530294445205,likely_human
UCni5yweDYxPdooRBdw8KKTQ,-1,0.0,0.0,0.11499999999999999,0.046,likely_human
UCniduiNUweKGkVy98jQRUqQ,17,0.3333333333333333,0.15231481481481482,0.11499999999999999,0.1373888888888889,likely_human
UCnmBHdoL-VcssERWdgK7pDA,-1,0.0,0.0,0.11499999999999999,0.046,likely_human
UCnq7D_7Ot7IOQckMwqnrM5A,-1,0.0,0.0,0.11574487895716945,0.046297951582867786,likely_human
UCnyr2lc5vc4lY3AnfdkCmcA,-1,0.0,0.0,0.11499999999999999,0.046,likely_human
UCnz2WfBjOz-0GeQgC6-ONKA,-1,0.0,0.0,0.11667597765363127,0.046670391061452515,likely_human
UCo0_swQnSNSk3obaJJt32bg,2,0.4965986394557823,0.15347124556795308,0.11499999999999999,0.13808274734077186,likely_human
UCo1LkFdOLrJn0AsOKMTlutA,-1,0.0,0.0,0.11499999999999999,0.046,likely_human
UCo5wbTdEOc2JB-r4irY8AfQ,-1,0.0,0.0,0.1144770277922009,0.04579081111688036,likely_human
UCo7pDyO3AIiEkj6RJz8GiPg,-1,0.0,0.0,0.11499999999999999,0.046,likely_human
UCoB_FFuihw8zViVePd73okA,-1,0.0,0.0,0.11499999999999999,0.046,likely_human
UCoFXd8vyABRP4JRYu08kLAQ,-1,0.0,0.0,0.11499999999999999,0.046,likely_human
UCoHwVlGCKCfsYh_l9Y9mCPA,-1,0.0,0.0,0.4554655493482309,0.1821862197392924,likely_human
UCoMkKCre7mVE7hbTJWJZrQw,-1,0.0,0.0,0.11518621973929236,0.04607448789571694,likely_human
UCoPDW4ZdCnQZmPZzIE8iuJg,2,0.4965986394557823,0.15347124556795308,0.11499999999999999,0.13808274734077186,likely_human
UCoPGk76lH1ce6BD1PVDEVJA,-1,0.0,0.0,0.11499999999999999,0.046,likely_human
UCoVcyOGajwB_75sp7t_UZKA,6,0.4642857142857143,0.16177277572131255,0.12040037243947857,0.14522381440857896,likely_human
UCocLEnzjPsbseXhaIu_eoVQ,-1,0.0,0.0,0.11499999999999999,0.046,likely_human
UCogWIi1oJxLAa8ZhyDMoS0g,0,0.58,0.15149320321829496,0.11518621973929236,0.1369704098266939,likely_human
UColo-Wm1CYuRGZpyt6NCkbA,2,0.4965986394557823,0.15347124556795308,0.11499999999999999,0.13808274734077186,likely_human
UCondDe05uqRjJW1_Pv-7AqA,-1,0.0,0.0,0.11499999999999999,0.046,likely_human
UCotPVNMm-tdzgjy1YPgH36Q,-1,0.0,0.0,0.11499999999999999,0.046,likely_human
UCou_IdyPRoNnnW8-SKm7UOw,-1,0.0,0.0,0.45372531830809937,0.18149012732323977,likely_human
UCp5eG8-LyKNjBhBOtAOvbdQ,2,0.4965986394557823,0.15347124556795308,0.11499999999999999,0.13808274734077186,likely_human
UCp6ihA8hhTgXB9_sgFedBXQ,5,0.49122807017543857,0.15329313660218605,0.11499999999999999,0.1379758819613116,likely_human
UCp6mQgqotU_mLAaCdFtdQqQ,2,0.4965986394557823,0.15347124556795308,0.11499999999999999,0.13808274734077186,likely_human
UCpABh-UgYFONvyTjqEj7QCg,-1,0.0,0.0,0.11537243947858472,0.04614897579143389,likely_human
UCpBNnwpPsnsTqA1kOtrosmA,5,0.49122807017543857,0.15329313660218605,0.1144770277922009,0.13776669307819198,likely_human
UCpITlGrkdl855YClBv9FMSw,-1,0.0,0.0,0.11499999999999999,0.046,likely_human
UCpajlk204nT0_Cyh29FC_uQ,13,0.4583333333333333,0.15231481481481482,0.11499999999999999,0.1373888888888889,likely_human
UCpeceamzZ6HX6dw_48iX69g,2,0.4965986394557823,0.15347124556795308,0.11574487895716945,0.13838069892363963,likely_human
UCpkwP3WuKnB2W7v4zfQ3LmA,2,0.4965986394557823,0.15347124556795308,0.11499999999999999,0.13808274734077186,likely_human
UCpl1ZnE7RCo-vbIzfaI75lQ,14,0.3333333333333333,0.15202427469937088,0.11499999999999999,0.13721456481962252,likely_human
UCpm9hrJKXRbgmd0ZG9MO1mg,-1,0.0,0.0,0.45499999999999996,0.182,likely_human
UCpxlZ5AbwJoGLyeomFJJLUw,4,0.4444444444444444,0.15231481481481482,0.11499999999999999,0.1373888888888889,likely_human
UCq1nWahSCXF4aYrenfAcO6A,-1,0.0,0.0,0.11499999999999999,0.046,likely_human
UCq3yFeh4uNdordHXmd4TxEA,8,0.4166666666666667,0.15234067866749432,0.11499999999999999,0.13740440720049657,likely_human
UCq5NlG0Se-7g6jqvPhWWrAw,2,0.4965986394557823,0.15347124556795308,0.11537243947858472,0.13823172313220575,likely_human
UCqE2uHrKZNeaUQII_QcVJrg,9,0.4782608695652174,0.16039314754042788,0.11499999999999999,0.14223588852425673,likely_human
UCqHp3k1fQiqW0GSWM_x2nZw,-1,0.0,0.0,0.4577001862197393,0.18308007448789573,likely_human
UCqLT4N7MsWTKE2F0PWl70bA,-1,0.0,0.0,0.11518621973929236,0.04607448789571694,likely_human
UCqRvN8Zjlk_Pyv6xtVBKrxA,-1,0.0,0.0,0.11574487895716945,0.046297951582867786,likely_human
UCqabsAWPRiMYrwXxokYxamQ,-1,0.0,0.0,0.11499999999999999,0.046,likely_human
UCqfteJOJ3gZVUJBxnEuBguQ,-1,0.0,0.0,0.11084962500721157,0.04433985000288463,likely_human
UCqgKFhldF2w_tqNvLCteaKg,-1,0.0,0.0,0.11439829017466402,0.04575931606986561,likely_human
UCqtVO5lqR2UP3Px4wFf5XiA,-1,0.0,0.0,0.11499999999999999,0.046,likely_human
UCquaJLi8TuvdKzuc-7EWkNw,-1,0.0,0.0,0.11499999999999999,0.046,likely_human
UCquvAdWUBWsOo1VupXvJSfA,-1,0.0,0.0,0.11499999999999999,0.046,likely_human
UCr0JVevseEk5Xg0k0SvKAkw,2,0.4965986394557823,0.15347124556795308,0.11518621973929236,0.1381572352364888,likely_human
UCr8-Zg2ISBOjI-SV9gwlOoQ,17,0.375,0.15231481481481482,0.11499999999999999,0.1373888888888889,likely_human
UCrDaTIYSh29tAklmU-RxeHQ,-1,0.0,0.0,0.10122206448579629,0.04048882579431852,likely_human
UCrG_1cvT6XyzFvmItevItfA,11,0.42857142857142855,0.15411292359616383,0.11499999999999999,0.1384677541576983,likely_human
UCrGhl6H5dpdHcKSexfzVgAQ,2,0.4988662131519274,0.15347124556795308,0.11499999999999999,0.13808274734077186,likely_human
UCrHVeI-Xm-n5vp4lvdvOf-g,-1,0.0,0.0,0.45499999999999996,0.182,likely_human
UCrJPK_ET4mAYS3xsqQUkx6A,-1,0.0,0.0,0.11518621973929236,0.04607448789571694,likely_human
UCrR6H-2eZtLWca9WDFtLopw,-1,0.0,0.0,0.11555865921787709,0.046223463687150836,likely_human
UCrRlVTdv8eWeCSs8ac6GSQQ,5,0.49122807017543857,0.15329313660218605,0.11499999999999999,0.1379758819613116,likely_human
UCrYLSy9jWyFmdpMS8KQmtlw,-1,0.0,0.0,0.11499999999999999,0.046,likely_human
UCrduTB_mpkkK-5FY4AD1TeA,-1,0.0,0.0,0.4554655493482309,0.1821862197392924,likely_human
UCrgfhtMtgrKs1jRn5me_hcg,1,0.3333333333333333,0.15217945781544784,0.11503568701007799,0.1373219494932999,likely_human
UCrqKEC14g7p6a0rHTN1odrg,-1,0.0,0.0,0.11413977073182752,0.04565590829273101,likely_human
UCrtF9tnV9T1NewZCySMN_Qg,2,0.4965986394557823,0.15347124556795308,0.11555865921787709,0.13830621102792268,likely_human
UCrumoAfmfsL5k0kY_-r5hHQ,-1,0.0,0.0,0.11499999999999999,0.046,likely_human
UCrvAbVJo_86cBt1I5dWJWSA,6,0.4642857142857143,0.16177277572131255,0.12040037243947857,0.14522381440857896,likely_human
UCrvaXqrmxgJmTyBDYwU_SZQ,5,0.49122807017543857,0.15329313660218605,0.11555865921787709,0.13819934564846245,likely_human
UCrxRIrgS-6dc09ddsjN8MQg,9,0.4782608695652174,0.16039314754042788,0.11537243947858472,0.1423848643156906,likely_human
UCrzl6MY_NrafAq5lJmU2UYQ,4,0.4444444444444444,0.15231481481481482,0.11499999999999999,0.1373888888888889,likely_human
UCsFC4BMQhMuLWuzagvPc2Jw,5,0.49122807017543857,0.15329313660218605,0.11499999999999999,0.1379758819613116,likely_human
UCsFKF1Akx_Qo_ABPMNXLKCQ,-1,0.0,0.0,0.21836877515468253,0.08734751006187302,likely_human
UCsKpZPw12mzhBeKnvabcOPw,6,0.4642857142857143,0.16177277572131255,0.12040037243947857,0.14522381440857896,likely_human
UCsOhzYsJHtdqzUUEvhFiS4w,7,0.45454545454545453,0.15246140670321665,0.11503640776699028,0.1374914071287261,likely_human
UCsT0_8NiceFTCDU-g1Tqe5A,-1,0.0,0.0,0.11473557262275186,0.045894229049100746,likely_human
UCsZ-ZP4R9XjEuwRTrqdhNyw,2,0.4965986394557823,0.15347124556795308,0.11499999999999999,0.13808274734077186,likely_human
UCsdXTzMXxLzrwvF0kdjJLkw,-1,0.0,0.0,0.11518621973929236,0.04607448789571694,likely_human
UCshomsA8EohTDK5t8e4WnWQ,-1,0.0,0.0,0.11499999999999999,0.046,likely_human
UCsrV8SGW_PCL51Cgn1N2KVw,2,0.4988662131519274,0.15347124556795308,0.11499999999999999,0.13808274734077186,likely_human
UCsuOSyyHwqf8-YuMd73Mlsw,9,0.4782608695652174,0.16039314754042788,0.11499999999999999,0.14223588852425673,likely_human
UCsvfTYSmW5VjbeYpreoJbXA,-1,0.0,0.0,0.20555865921787708,0.08222346368715083,likely_human
UCt8FQb302JH1tzz9_qQfrMA,15,0.4666666666666667,0.37669988762321366,0.4552793296089386,0.4081316644175036,likely_human
UCt8TiyvIVEGKEhKPFzOLq9g,-1,0.0,0.0,0.11537243947858472,0.04614897579143389,likely_human
UCt9vQM63GU9E52bafyEUesA,12,0.5666666666666667,0.1523458514380302,0.11499999999999999,0.1374075108628181,likely_human
UCtGUEfqoGlz5aqFGyG6AKFw,-1,0.0,0.0,0.11499999999999999,0.046,likely_human
UCtH-nmRN_Q8nAhkT8cqtpXQ,2,0.4965986394557823,0.15347124556795308,0.11499999999999999,0.13808274734077186,likely_human
UCtHczI0esvsp111bFVozCMQ,5,0.49122807017543857,0.15329313660218605,0.11574487895716945,0.1382738335441794,likely_human
UCtJ5h6CwGs1I3qg0YQKbIzQ,-1,0.0,0.0,0.11499999999999999,0.046,likely_human
UCtNajWWIxseJkQWt_n_MsvQ,2,0.4965986394557823,0.15347124556795308,0.11555865921787709,0.13830621102792268,likely_human
UCtNeDwzq3j1GKUNPe6rFgSQ,-1,0.0,0.0,0.11249999999999999,0.045,likely_human
UCtPfckGP8pbswYCep9jwvMg,-1,0.0,0.0,0.11499999999999999,0.046,likely_human
UCtT0dPG47Ud79i_g_LxNCtQ,-1,0.0,0.0,0.1144770277922009,0.04579081111688036,likely_human
UCtTqsrb7-_Nc5-cT-qpG8dg,-1,0.0,0.0,0.11499999999999999,0.046,likely_human
UCtf3WMBFi0QU0kFpDJWIMqA,-1,0.0,0.0,0.11499999999999999,0.046,likely_human
UCtfm6Ro6RDNjAMmbQf1PWeQ,-1,0.0,0.0,0.11499999999999999,0.046,likely_human
UCtkvjQ3c9iBdrflM9ubbwdQ,-1,0.0,0.0,0.11499999999999999,0.046,likely_human
UCtpmDQawtMNNSZj1g6ai5_w,2,0.4965986394557823,0.15347124556795308,0.11555865921787709,0.13830621102792268,likely_human
UCtpuuY-zlnE5RwjKB5FIlyg,-1,0.0,0.0,0.11518621973929236,0.04607448789571694,likely_human
UCuNDwDKuFUUEPERGcIMKTUg,-1,0.0,0.0,0.11499999999999999,0.046,likely_human
UCuaSOr4FxX8ZJEoHyHhZA4A,2,0.4965986394557823,0.15347124556795308,0.11499999999999999,0.13808274734077186,likely_human
UCubzUdn8Cix9-Fl5vsNX6hA,2,0.4965986394557823,0.15347124556795308,0.11555865921787709,0.13830621102792268,likely_human
UCudFHoEF0HLhpWZ9lHgBnLA,-1,0.0,0.0,0.10946439344671016,0.043785757378684065,likely_human
UCufHmOV4RJ3UL1KLmh_ySxQ,-1,0.0,0.0,0.11537243947858472,0.04614897579143389,likely_human
UCukXtnMPki_lWRNw3nch8lA,-1,0.0,0.0,0.11499999999999999,0.046,likely_human
UCunmbbirSLyvoUyb1lsLh4g,-1,0.0,0.0,0.11499999999999999,0.046,likely_human
UCuok9gFVQxvEMsIsAAYMFBQ,-1,0.0,0.0,0.11518621973929236,0.04607448789571694,likely_human
UCuqw-ngZYVGGrf1P1VU_32g,15,0.4666666666666667,0.37669988762321366,0.4523215889136457,0.4069485681393865,likely_human
UCurRW2f7nugvHtYBigceFnA,14,0.3333333333333333,0.15202427469937088,0.11499999999999999,0.13721456481962252,likely_human
UCuu9nhneQ7Br1R3h7yG-7Xg,-1,0.0,0.0,0.11499999999999999,0.046,likely_human
UCv3RikUR6HeMAwUvmHl9-Hw,5,0.49122807017543857,0.15329313660218605,0.11346439344671017,0.13736163933999568,likely_human
UCv7HnW3_6Z4d58U0c24UAyQ,-1,0.0,0.0,0.11499999999999999,0.046,likely_human
UCvCQWHH9Aj034nlg4QDcvPg,-1,0.0,0.0,0.11533191977620441,0.046132767910481765,likely_human
UCvElLinNMiKLGRtt3LFvCFw,-1,0.0,0.0,0.17541260361868152,0.07016504144747261,likely_human
UCvHb0QBH-0RWRpuYaDIcO8A,-1,0.0,0.0,0.11667597765363127,0.046670391061452515,likely_human
UCvNLjs4t_pO5d5OkQnr62gg,2,0.4965986394557823,0.15347124556795308,0.11421928094887362,0.13777045972032131,likely_human
UCvNrlF7rVRP2nYU1_2zShYg,-1,0.0,0.0,0.11518621973929236,0.04607448789571694,likely_human
UCvOqBR06oBZrHuYz2U-EGXQ,-1,0.0,0.0,0.11499999999999999,0.046,likely_human
UCvSCri6VJRB6CPyhk0DBYYw,-1,0.0,0.0,0.11499999999999999,0.046,likely_human
UCvnVRcWGQ4uZTwNHCkXznmw,18,0.3333333333333333,0.1560646787397749,0.1144770277922009,0.1394296183607453,likely_human
UCvtvCv_dvGf4-wilz5_LFXQ,9,0.4782608695652174,0.16039314754042788,0.11499999999999999,0.14223588852425673,likely_human
UCw15jgM6JOG8yIkV5sCh6Ng,-1,0.0,0.0,0.11593109869646182,0.04637243947858473,likely_human
UCwDw8DKAbix4lp_QnbUTUow,-1,0.0,0.0,0.11611731843575418,0.04644692737430167,likely_human
UCwJMH0MvbR7hbYJpp-0tsIQ,-1,0.0,0.0,0.45895161290322584,0.18358064516129036,likely_human
UCwJrvKoKE5q7LVMKvR9eb7Q,5,0.49122807017543857,0.15329313660218605,0.11499999999999999,0.1379758819613116,likely_human
UCwKEA2u2esSxf5LM1IzZT9Q,5,0.49122807017543857,0.15329313660218605,0.11518621973929236,0.13805036985702857,likely_human
UCwNL1Mzonf28hnwrXajO_cw,-1,0.0,0.0,0.11021640636343319,0.04408656254537328,likely_human
UCwRF504rDOvMwR1-NAccWgg,-1,0.0,0.0,0.11499999999999999,0.046,likely_human
UCwS0KYJlf1sbyDAus_QYhAQ,-1,0.0,0.0,0.11499999999999999,0.046,likely_human
UCwY3LEh1L2APgJVUwk59Jdg,2,0.4965986394557823,0.15347124556795308,0.11518621973929236,0.1381572352364888,likely_human
UCwYt9itmJ9Tm4jPwZDk8Bag,-1,0.0,0.0,0.11499999999999999,0.046,likely_human
UCwlNAyHPoc9B4AvXhL8oeyw,11,0.42857142857142855,0.15411292359616383,0.11555865921787709,0.13869121784484914,likely_human
UCwngY4AXLBVeSjnqX2aXeRw,7,0.45454545454545453,0.15246140670321665,0.11499999999999999,0.13747684402193,likely_human
UCwpuWf4XmDb5MQQD9Vum_sw,-1,0.0,0.0,0.11499999999999999,0.046,likely_human
UCwqi_juqEV2VX9KPJDt3-5g,15,0.4666666666666667,0.37669988762321366,0.45499999999999996,0.4080199325739282,likely_human
UCwyHjGzzk8kXRIM8e21wCHw,-1,0.0,0.0,0.11611731843575418,0.04644692737430167,likely_human
UCx5_cXOqVwhhVMIgMwHfZ_A,6,0.4642857142857143,0.16177277572131255,0.12040037243947857,0.14522381440857896,likely_human
UCxUSZG2vK9jbJ4XDSnPg3rQ,2,0.4965986394557823,0.15347124556795308,0.11499999999999999,0.13808274734077186,likely_human
UCxViSbrtGTcAcfqXZ3xwORw,-1,0.0,0.0,0.11499999999999999,0.046,likely_human
UCxWpP9C90am_T7JV0kzWpVg,13,0.375,0.15231481481481482,0.11499999999999999,0.1373888888888889,likely_human
UCxaeM2aVLzVtXlcn9lF0iMw,2,0.4965986394557823,0.15347124556795308,0.11518621973929236,0.1381572352364888,likely_human
UCxh6YHnBlR_-wVKlWxCqWTw,-1,0.0,0.0,0.20500000000000002,0.08200000000000002,likely_human
UCxnI1W6z1U8Pp-e6M23zFzA,0,0.5933333333333333,0.15149320321829496,0.11499999999999999,0.13689592193097697,likely_human
UCxva-OmkIzRdymK_-BACE_Q,-1,0.0,0.0,0.45421928094887365,0.18168771237954948,likely_human
UCxw1CvjoVj_qUfMlUgZjwkA,-1,0.0,0.0,0.4554655493482309,0.1821862197392924,likely_human
UCy-sq5SzPEVO_3ORHIewDMA,5,0.49122807017543857,0.15329313660218605,0.11499999999999999,0.1379758819613116,likely_human
UCy2eZB-War59oy1IWpaC7-A,-1,0.0,0.0,0.20500000000000002,0.08200000000000002,likely_human
UCy7Z-WDRq_7I7r-d_fIobMA,-1,0.0,0.0,0.11499999999999999,0.046,likely_human
UCy8MO4dTrADHx9sKlcvoa0Q,-1,0.0,0.0,0.15717177930607937,0.06286871172243175,likely_human
UCy8Vi0HcWLfNoVVBPPMFbtw,8,0.3055555555555555,0.15234067866749432,0.11499999999999999,0.13740440720049657,likely_human
UCyBiMcIFKwJXPGEQp8yYvqg,15,0.4666666666666667,0.37669988762321366,0.45509310986964613,0.40805717652178664,likely_human
UCyJkhvyYsZ9vqYZTu80eXvQ,-1,0.0,0.0,0.11307354922057605,0.045229419688230424,likely_human
UCyL0icW3RuIhId81ruVFGQw,-1,0.0,0.0,0.3909535093662244,0.1563814037464898,likely_human
UCyMzpZGUD0AV09wGxhTiqlg,-1,0.0,0.0,0.11499999999999999,0.046,likely_human
UCyUusv8DPJnCLgSMU9ykUPg,16,0.375,0.15553909674021407,0.11499999999999999,0.13932345804412843,likely_human
UCyXMIQ8jSUkkp9FRakYFf0w,-1,0.0,0.0,0.11499999999999999,0.046,likely_human
UCyYU6DtE-AivoojiLGCOgUw,-1,0.0,0.0,0.45537243947858475,0.1821489757914339,likely_human
UCy_yb1mrzA9kCjs9EjNmp6w,9,0.4782608695652174,0.16039314754042788,0.4554655493482309,0.27842210826354913,likely_human
UCyeOE6htdOs-inrfPxtlaaQ,-1,0.0,0.0,0.45499999999999996,0.182,likely_human
UCylYwsVCSgqGNgZje8eqAjA,-1,0.0,0.0,0.11499999999999999,0.046,likely_human
UCynpK4wsiSwu80AbaWtilGg,2,0.4965986394557823,0.15347124556795308,0.11421928094887362,0.13777045972032131,likely_human
UCytO0QkmeMNw7xm_jw65qCA,-1,0.0,0.0,0.11499999999999999,0.046,likely_human
UCyybsS58ffo8nKzUhrVjXww,-1,0.0,0.0,0.11499999999999999,0.046,likely_human
UCz5_9j1FgsS162tLC-JFzBg,2,0.4965986394557823,0.15347124556795308,0.11499999999999999,0.13808274734077186,likely_human
UCz5iAKAGGU4h4S-BAvnRfZw,-1,0.0,0.0,0.342111921679232,0.1368447686716928,likely_human
UCz7hLB667f9xmWRSsg3FbFA,-1,0.0,0.0,0.11537243947858472,0.04614897579143389,likely_human
UCz8_5aZYSR96Ch-q150dCFg,7,0.5151515151515151,0.15246140670321665,0.11499999999999999,0.13747684402193,likely_human
UCzApziYGhzuZ8Q9NwALmSag,6,0.4642857142857143,0.16177277572131255,0.12040037243947857,0.14522381440857896,likely_human
UCzBOSy7qG25Hu1uIGLSJ0bQ,2,0.4965986394557823,0.15347124556795308,0.11400464791703788,0.13768460650758702,likely_human
UCzV6mzz39CKstMjXlnv8gzw,-1,0.0,0.0,0.405,0.16200000000000003,likely_human
UCzX4Nn0e1bEpSwdJVD9PQWw,5,0.49122807017543857,0.15329313660218605,0.11499999999999999,0.1379758819613116,likely_human
UCz_-Th-6l4B1ua5cSxR7Ekg,-1,0.0,0.0,0.11249999999999999,0.045,likely_human
UCzroTzW9UI-9ZTrzTatEMLw,2,0.4965986394557823,0.15347124556795308,0.11499999999999999,0.13808274734077186,likely_human
UCzw9Obhrn0ROPjcArwBIYjg,-1,0.0,0.0,0.11499999999999999,0.046,likely_human
UCzxLjD5B85L-khylTMNy_hA,-1,0.0,0.0,0.11499999999999999,0.046,likely_human
