author_id,cluster_id,comment_count,videos_commented,comment_ids,avg_comment_bot_prob,final_bot_probability,cross_video_avg_sim,cross_video_max_sim,cross_video_high_sim_count,classification
UCuM6kpppW-mtPXDufwkUcCg,-1,1,1,['0e4c6240cf76a5b173005fc79a2b3307'],0.5081690624388387,0.32838797711755713,0.18422706977768355,0.6225724255890043,0,likely_human
UCpzwGD0xJV0mu4qZDV48VUw,-1,1,1,['e06dff13b8aaeb97254fd8829378377a'],0.4781216649148202,0.3152229743683014,0.1928705517922791,0.6021139023438982,0,likely_human
UCcgyWfGly9_RUYQdfIDkBtA,1,1,1,['2934e6544fbf79d27a47dfe08b1fb962'],0.4475820029617359,0.3149547632706373,0.17792899606165224,0.6420808162440136,0,likely_human
UC24J8eZZ6kBPsljGa7aLp_Q,1,1,1,['c60fef437b9e429ba20287ccef8e1c06'],0.46961887201192126,0.30962768284295195,0.15229649992492514,0.5467276783684011,0,likely_human
UC_2UYrJRM73YNU-B4qemTrQ,-1,3,1,"['2095b3ca6cc4d8361e2720d25f14fce4', '70692a46668d62461c3ba1aedc7f6e68', '25cfb449aa387b7fadc7d615d4f8d066']",0.43404393618110326,0.3009086880884332,0.15423137006406273,0.7370553326001116,0,likely_human
UCNRXyB_8cro_Y7s8Uvd11cw,-1,2,1,"['794a5560f14511468f2f1989728a2e4e', '9e429df6beb8204b50a9e0910cbd0ba4']",0.43621255463909575,0.2955181343789793,0.1659326767680144,0.650526680562004,0,likely_human
UCvfuf7-lPn-URXqe2qhT9PQ,1,1,1,['4fe6b6b2661c304d4e2a0a1632b58294'],0.4653204559855851,0.2921735504342012,0.13693378976259218,0.41984705599296135,0,likely_human
UCHUVGigngw3gQ2rCVAeI2MA,-1,1,1,['44bdfa445c2286e580ea6721987c68da'],0.43900120273825277,0.291278681819945,0.1846411012150599,0.5645244648685286,0,likely_human
UCIA66MZSi2QQxXeRWmrCmOg,-1,1,1,['3599a99db47b668697d29c93c15e77b0'],0.4745452667541114,0.2883022910510622,0.16921661060102677,0.4053743096920157,0,likely_human
UCeGaYSWw66ydETLSLB71xIQ,-1,5,1,"['83264d93d57c52c79d5d508930c89138', '8e2423fd9670a098acd114d5b8d8d4fd', '3ce025f691da4f286ee5794f78b488e2', '099003e88393879f0edb3f06ead08a16', '1beff153d66fa27a37fcf82ed2485c9e']",0.3647906609740045,0.2880477931008172,0.15169123320426833,0.880450238995885,1,likely_human
UCftwnmn5yFKNKLcfBKJh5tA,-1,1,1,['9e0de3aeca92f6a8a956c479909426df'],0.42215296120257817,0.2852331613869551,0.18191185125239454,0.5741983766415568,0,likely_human
UCQwDemEqVd_uGgAI-nOID_Q,-1,1,1,['ea537a1667f225b65f5291f3bff0ba0f'],0.4268728408859649,0.2842099557028677,0.21987448356859254,0.4787670129522429,0,likely_human
UCMOz_TsuFgcA09vaZy8Svxg,-1,3,1,"['5ac94bd9a817c9d9293ab60de0767c49', '48880d0be6ad5b7d9f18c77bf1c10adb', '988a1cdd4070813e7e22507817dace53']",0.44552400226582645,0.28363995776082607,0.16739869367168175,0.4701585096010937,0,likely_human
UCQsbJv_EifQB8kTD5q-xQ2w,-1,1,1,['1b0d96fe72d0be732ad198389bc918d0'],0.4234440538982971,0.2833695871461611,0.18638297265482723,0.5519623472712811,0,likely_human
UC4P8KZ-8kTIrYM0tc3sgd2w,-1,1,1,['0b233993d7b33e126ed5bd4705e47448'],0.4204148408617464,0.28288544534120585,0.1893667220408053,0.5490349616874414,0,likely_human
UCqJDXsUW2OmT9kUIy6aJJPg,2,1,1,['aec69f260bebc942658fe88e87e2d268'],0.40620329009287354,0.28276627727978454,0.19731471458039945,0.50459005909891,0,likely_human
UC52bodhD1hI3f1LGwW8ftvg,-1,2,1,"['6ae98d36bd1aff940c3ed40ad4ca1677', '283a0c33b00a8015a3d2e86b8ebe4442']",0.4246048013887174,0.2825818148722984,0.19271839579335523,0.5126815190207472,0,likely_human
UC6WktgEVFo3N5HO34pHIEWA,0,1,1,['39c7b6757b27acfda9285e2bf48e555c'],0.4408450396248116,0.2824590163654345,0.17108511892598122,0.4014080504522223,0,likely_human
UCvAa4pMDX7um6ZxUfjWZBsQ,3,1,1,['ba3c14a955c73124696ada0b2f96236b'],0.4546793039375331,0.2822129848272208,0.1542663219504784,0.3508900861238113,0,likely_human
UC4iPlZLj2vRmu2ww13O40aA,-1,4,1,"['a45ee7bf8b4000b48a08e2942cd25bdc', '2572bc7e903e2dd28cf9d59769fab65c', '99c8378c7d055e38b455d023141cfbb3', 'd7e9ea0ea08a4e3948ec98bf66ddf935']",0.42458092526696484,0.28204305076498637,0.17649402154799113,0.5464885460108272,0,likely_human
UCogTx8XkGLjU2eCDUIX03-A,-1,2,1,"['998e33ecefae56c505615e937c0afcd6', 'adb76c88c3b128892334f1eacf8e2c64']",0.4416755196500003,0.28199280580222474,0.15094256236341488,0.5159746418519013,0,likely_human
UCalfTDuHtgXEyWKCs97VuFA,-1,1,1,['7961954c9bbf640b8a7756def34d7b75'],0.43602538602098295,0.2809356625552478,0.1992212819294384,0.43867759373672083,0,likely_human
UCmcqtm15d4QY55vd_uPuQCQ,-1,1,1,['88011e52ca017abe198c03e1d56ab914'],0.4038821877967818,0.2808201445335681,0.15697416378497359,0.6765185899931341,0,likely_human
UC2yC8HbiNJaZQJS8aUM4gAQ,-1,2,1,"['98ec90b4474d46e7e32ca104ab64bbc0', '52bb421e200356be0a83efe35e8208f9']",0.43875739046749285,0.2800225060240292,0.17999670001883503,0.4439803067900666,0,likely_human
UCAC94TXwIjHGIHGYyJdj86g,-1,1,1,['a1daaa9c2c329e25bf875255019194dc'],0.4554717513716168,0.2799539659071803,0.13965379274026937,0.465213598362029,0,likely_human
UCfHegrhOBK3bGHE5a3avrzg,-1,2,1,"['52c17f7432a898397623dbb2feb8a1d9', '9d45f6c54915705e97394d75fc4ba6cf']",0.43977591150255707,0.27962168161152506,0.13773078358876711,0.5273359126810683,0,likely_human
UCk0nnok_qMpmQ5rCKskvgfw,-1,1,1,['a4e7d99b15410c52883a078b042d8148'],0.44938085218576085,0.2795891812989619,0.15784362096663151,0.4394303715671952,0,likely_human
UCBcVvd4jvx7aC9smT59ZOuQ,-1,1,1,['c09d659105ec3d396a6cb33a0364b70e'],0.43046916229177445,0.27947481635079163,0.18382211340957982,0.47883783469235175,0,likely_human
UCdyFYZBDR_mOqjAV7MlU0EA,-1,1,1,['045d68760b1a0d5b3c3fddae53cd346d'],0.43046859495521966,0.2784841989238105,0.18755780442577644,0.4594213564993402,0,likely_human
UC4CDo2u0YQk90hOTYDFdfNQ,-1,1,1,['758c8ae704db57ff91d0db992edc54b7'],0.44133520181372526,0.2784581629242598,0.16789326672952717,0.4340854439362963,0,likely_human
UCbfjI2yj-FIfMf-aqNfL2OQ,-1,3,1,"['e2d38296f52752a5655ef6d4cc66f306', '98c6a4ad344a6c95972bb781882cd174', '4f73cb85cd90e61cc05074b4ac3e3cca']",0.45162841736555975,0.2776659510612228,0.1494822167962644,0.43518523966510125,0,likely_human
UCWBhiJqQW8fh5yp6jbQJ0xg,-1,1,1,['7b3a3170ffad4fd3d3ca050d45f8b41f'],0.4141454474331897,0.2772998294970118,0.18775736236703144,0.5280707996332314,0,likely_human
UCd1WihKRNhH_Ieb9OHoGXJQ,-1,1,1,['42bcb3289ff110b8b54afe6b383d4d13'],0.46006998732500076,0.27692360471280025,0.15041214691042795,0.3736382955847102,0,likely_human
UCKiYIIr7EKNpc_ugNDV7qyw,-1,1,1,['1b93be76ee8e8a2e55f8f9573c7a3cdf'],0.4446107199450305,0.2762046433325227,0.170523333144444,0.4046716997827169,0,likely_human
UCuB-i8KZ6vuYUU_7ODozSRg,-1,2,1,"['bf9b38c169185e98a029b9719f02ae0b', '5dbf49dcc4108925185cdfde5ffbc2d0']",0.44557705132644543,0.27574766631997766,0.1485612517458788,0.44439313566397665,0,likely_human
UCorI6TPrbxh0-_o0S_6Kyjg,-1,1,1,['8e2f62ff456bf74c281f7f4b55a23d61'],0.42742389948843107,0.275745309010862,0.17357618083072548,0.48419173009253313,0,likely_human
UCJOJzvDbmGHs393uYE2QKGA,-1,9,1,"['352090f20db11a918882e4a354980d77', '9a61aa1fdf17409d219b0181cb8d71e6', '5888c8da99ed701e9dbf5c8dea0d5778', '4a4dc44c3ea90f0f8d4610e383de5ebd', '4d8a31a3a875f585389adf1969912c85', 'bf4bab23148b3470ba339a91fa3797e2', '7e0e95166bc20e059e40a0fb6a334376', '0b04fc3104fa14449d0d4f3b4fefd4af', '545986322394472ce6b9baab016f5306']",0.4166116890362905,0.2746758845302942,0.1556496163729692,0.5485997577140634,0,likely_human
UCwYt9itmJ9Tm4jPwZDk8Bag,-1,4,2,"['9bc2aee7af761918144f8d70e4ba7fa6', 'cdce49d39f1a0c21b23e3b3a6f1c53f8', 'dd1f42600be7700d19ebe0f91b61748d', '204f59abbfb503f084036f4c920126db']",0.4444725861147655,0.2736158621455242,0.15090214954108566,0.42875981585241135,0,likely_human
UCMvlV3RAOMUUbZMFp_kbsOA,-1,1,1,['c9bf5e73273c48877ae20a606246d935'],0.4098231901854383,0.273418446795105,0.1730818265653398,0.5361194922741449,0,likely_human
UCrvjZYTceiyoeoaqZdXFacg,-1,2,1,"['6dae4ac3c99ac18d4ea0a741af1d5994', 'f9411be7cc79d3099be04a4be12e9fd1']",0.4485417736979834,0.2731043865785165,0.14208395732363244,0.4195686153889917,0,likely_human
UCbE5N5NjNhxNzBFdvXEZ3MA,-1,1,1,['cc0bd5fcbd8d72d1b751108697119fbb'],0.4259216158045867,0.2729338370104292,0.16523471392609299,0.47147682956921677,0,likely_human
UC2qj76e7g9tUfZLWO922hNQ,-1,3,1,"['61e1750568741c95b2d093e023c1b096', '6fafe05cffaac8a0a78b01d697b5e7b6', '83391953f09ce50810ade2fe83faa1cf']",0.4116011559962424,0.27248833891655133,0.1805203199463224,0.4994309985975558,0,likely_human
UCm0saZgfveXY5KGTT6UDX9w,2,1,1,['9a9df198fe505269ee147a367ed24c3c'],0.4197027829356045,0.2724108236902394,0.14874618512621138,0.43215530909635236,0,likely_human
UCPXB8a7JUa9Hi4npX-B3idA,-1,2,2,"['7b20ff710ee0438ed5dcf46ebba66d06', '518aef3a692052c568e44f7db7fcd10c']",0.4246860682388946,0.27073932639565756,0.15739628454181043,0.4622941837471147,0,likely_human
UCxp1fkNYR8YoKfNG8iOUgSw,-1,1,1,['d2a436e5f675c97cd6d7752763b32bcc'],0.46885378209268486,0.2706191633295959,0.12501633483483426,0.31988975799400743,0,likely_human
UCSwydHPBCt9H43eTs2xivBg,-1,1,1,['6befa39227b37ca2819f920c98d630eb'],0.44321978606209,0.2698704193981981,0.1715274410742906,0.354747060763322,0,likely_human
UCH8VxpBuDVKP0IBrYZN2fBg,1,1,1,['1762d71088f9359a448b006bcc34f742'],0.42615039787086695,0.26986256685370247,0.1574381103907003,0.32755423617742213,0,likely_human
UCuQT8-wrLwjP12PHQdmk0Tg,-1,1,1,['49f4705346e39878bef6fb7d69a6227e'],0.40858814830934465,0.2691543224330538,0.17672541927395233,0.49800649442745065,0,likely_human
UCyUDZxm8uBNHJqe-IRks23w,2,1,1,['c84cd97fe7a00cd7d6ad09d8aac39a9d'],0.48187946728160536,0.2687597085302194,0.07510888460994943,0.2635918095124287,0,likely_human
UCKEGsJmgzI_RGP58rRRBxZg,-1,1,1,['cfcac9083de091945b7d330699635c76'],0.4247483177526937,0.2687332355774269,0.18235847971799224,0.4033746982700159,0,likely_human
UCdD3kGrYhg5cW8hbVuc7RzA,-1,1,1,['5fdfd6477a1460ad05d381c7389eb497'],0.38142376640963327,0.26866658035174096,0.18082689837005902,0.5965159676706673,0,likely_human
UC99jvrjs_qCb8Ko2lkDTWfA,-1,7,2,"['499013c191ebd02bfc60f13d3972e336', 'b4823c6dc2d471a9baa9beb87ee9bf1d', 'a56dea00f69e34f233d852e332463185', '9671e2980c0eb0fa787c30bd952891c4', 'ead82a785465a36e05405b52ef9d786c', 'ed3538147292ebe24996a5b0eef4e0e5', 'cbb04924ae02e026c8ec13ac3e7fc99e']",0.395210158248161,0.26865981655085447,0.14325565309473282,0.6113150554027523,0,likely_human
UCSJMBi6A0hQeicVweTCKn4Q,-1,1,1,['f5e1b2826e8d674e56d5f3a6fb635986'],0.4360197782325712,0.26844689474398614,0.16458528144732118,0.3764081762551133,0,likely_human
UCfahT3ii4D4E0wVAsg7V3Xg,-1,1,1,['eee542eacd0375823cc5a29e222ced59'],0.441434144481093,0.2684153167187719,0.15484878437795466,0.3757449067176878,0,likely_human
UCBUel7A-A7fHMt6v8k9a9dg,-1,2,1,"['0da6f3db7ecd87733548c5f2aa764072', 'a0e979453b1f61f3a2b2cda812789c39']",0.44296671431464807,0.26836725921560717,0.1434350014961223,0.38889367242427786,0,likely_human
UCSkj7dZGnslVgSl_yNWCpnw,-1,1,1,['26fe8246af033ffb43db9c0e75c99e8f'],0.42002536298515336,0.2678359482751679,0.18822132303985017,0.39584507871145563,0,likely_human
UCEZy4uHtukC6TjmzdgRia_g,-1,1,1,['20d1d277b0f8a5f19a8f3afb5f901b67'],0.42362734158184623,0.2673890148700699,0.18716211850155412,0.3784720989412037,0,likely_human
UC4txN56hWZboyhLXATb-6hA,-1,1,1,['41359bc1ab5599af623403ee625543cc'],0.454255749888737,0.26683846169548253,0.1056651798724925,0.3930845157674301,0,likely_human
UCBRIJyTKNCVydU-L2NSnmYg,-1,1,1,['aa89a0d34c5e6532bbc548e9eb6e43ae'],0.4199059537530019,0.26662861554789064,0.12200068699750033,0.5068352430184752,0,likely_human
UC-FnktF314OIkgi4uIAS3OA,-1,1,1,['926da5aaf0256521936477a2809c894a'],0.3978072379829162,0.26585135941233384,0.1692873732826564,0.5141859290239245,0,likely_human
UCJb4VAUDy82NMW04xatvKVw,-1,1,1,['3e5470ac44aa2ab6db2301dc602c53d4'],0.439836654481087,0.265497620594761,0.167401662307632,0.3329600918245516,0,likely_human
UCxxguaDr2pYcGWNqnk2NLxQ,-1,1,1,['9ff9b5e8d5fd97fc4d64c1b721a6ea46'],0.4574675919016429,0.26523719664729895,0.11043326766322187,0.3456797282201885,0,likely_human
UCbzJbibXxfUYXJpiIJ01ajQ,-1,1,1,['2aab0705d8084e39b5e10a1167202171'],0.4422013791050147,0.26436159892541644,0.14144757101250732,0.3632304748763143,0,likely_human
UC1lI3zJ724WKngHW_pdKNjA,-1,4,3,"['c056d1ffd7d403ec581712ba635dd4f9', 'cf871b6342a377e56051022ad0577d3b', '1f9eaf26d410fa459291889fda99455b', '1f80c966a84a3e8a009e76bd34bf1f24']",0.4090129808370346,0.2643398878346662,0.14704044148149137,0.4984443880379621,0,likely_human
UCj1_0NX_bMsjSnDiPXxuUUg,-1,1,1,['e68548a29b99bf49580d930979a0e811'],0.45121113960090986,0.2643330440112349,0.11308612003639817,0.36935065775410536,0,likely_human
UCgfVkOjBNMtLDWePxjCAoAg,3,2,1,"['e3c39fe7a1ecd2da08307fa78c55b4c0', 'c23bbaed24f2f4c2161e2c566105a31d']",0.39717723912106306,0.2643059727843928,0.12293483495440802,0.4964872067377923,0,likely_human
UCnBgsDPs_wdpDxKM9Lfxobg,-1,1,1,['166a0db73508494416fb70a08cce5534'],0.4718289118859996,0.2639860588048059,0.10472642135493776,0.2946196866256012,0,likely_human
UC79fBLH9Y4rwOF5yYPZmIFw,-1,1,1,['0d6fd801446b9aab9cc001a4d866f887'],0.4488244368530392,0.26394141673414234,0.10618719283896481,0.37740090666975534,0,likely_human
UCtQ-oAeXbU2Uii0Z1qn2rzw,-1,1,1,['b44dd9ff79fcb16160c441751684f76f'],0.4311414704718691,0.2638087847661383,0.14368997609809567,0.39909932479919863,0,likely_human
UCO-t40v4tikdez35-_FneYg,-1,1,1,['17ad70f04b2933f976093f95134f7933'],0.42805458519713074,0.2632989598050682,0.15629162904044905,0.38609231770601465,0,likely_human
UC9mhc1p5GVhZvyLvrOB33JQ,-1,1,1,['1f047009d08c855d12827b7f4dd17f70'],0.41137242798621126,0.2629083254201364,0.14894378969201247,0.4634423101503483,0,likely_human
UCIAfEDr39yoxzsMT8F1v16g,-1,10,2,"['9eb08f16b4525e917944aafd6ab2d625', 'cb4d788f0f50c95521f717b85c31abe5', 'e170589a4adcf89edb962436acd70752', '0d629e8d9d0436b5195c61e5468f80a6', 'cae9d68a4e025903afcda17f80a17832', 'f2d1c8f78ca3d1dda04bf39ce7903180', '57e0360dff022623167a3c03c5b1d7d2', 'e235c8967503ad84609107e93a7e3172', '32e8c9cc5a774033e42c39c0d1f77315', 'e66ec8abedd9f6404e689597f37167e7']",0.35938540809760844,0.2625514886187209,0.16645051109977183,0.66658776461406,0,likely_human
UCMXCe7S42Ui-n-FEmAQaQlQ,-1,1,1,['a4c77492dac091401baf2b287b0624ea'],0.40594997579120196,0.26232458948729903,0.15968300449612385,0.4634423101503483,0,likely_human
UCcGVYYy9SXvsn795uQVwH_w,-1,1,1,['894541e7bd2805c0a812b3f95579f442'],0.3739026921510189,0.26216824386273985,0.18114496893801577,0.563191929636704,0,likely_human
UC7tFBsqfv1zqV2uUF_a6-3w,-1,1,1,['1326acc4025a6659810f9b7ef1db7234'],0.4526716838158996,0.26174422273631576,0.07463416069839397,0.41798654322454626,0,likely_human
UCwHi44RMhCcw6eqtpGpOhFg,-1,3,1,"['a5aec6693f4d28dce8b5ca474c6f459b', 'e85e765e641d36e8f29524e1a32e48c9', '83407f7ed007d96e09c3bb8402414085']",0.40576055746927947,0.2615876578993864,0.16995286111323055,0.442542428091107,0,likely_human
UCht1jH3Kf6RPM9dFyiVTFJw,-1,2,1,"['cd936be8092a1973186107b4edf31e6a', 'dda6e0c52a06858365bbe0ba64759fae']",0.4296248389515798,0.2615294124144392,0.13378008629039442,0.3898063949448239,0,likely_human
UCQ4PdgUn27MHVt6qC3cH4_Q,-1,4,1,"['29adda73c31762e8cdeeeda2234bd53c', '1250d593f0b5e41706542b2c8a10966f', 'cdf32e9f1372ec63ed3f03febeddc0d8', 'd093bbcc5d374728526b97c21c461fc7']",0.4151979802961083,0.2614566060711841,0.1485167760452611,0.4433021147414171,0,likely_human
UCQvJGoOlnlsiFYCuJUHOomw,-1,2,1,"['e37a577bf3ff8578371a675fa1ec4c73', '48bd6eb476d82639aced5dceac10d2b0']",0.41092854106850507,0.26141801502327233,0.16361690499272213,0.41347052214372565,0,likely_human
UCAoA1Cs3nkQFFa6_GdSs9bA,-1,1,1,['c1f5a5d5df0e6379c85a534fb2be0184'],0.4227215441472346,0.26128180036448523,0.14451946991042652,0.4083613036233872,0,likely_human
UCWYL7LbGgjjlJcNnoC8mSGg,-1,2,1,"['be2ce8ef754977df992a3973fe547985', '12a633adcbd73ad60fc26d822006a7cb']",0.3981095801441983,0.2606592012629054,0.14765402346815518,0.50459005909891,0,likely_human
UClB7IS2XtaiGFTZ51by-AiA,-1,2,1,"['a454ba50b02a46eb7752bdd1905777c5', '41ae8f7899203474da02eded5ad8d258']",0.4491979991382238,0.260506461242384,0.10281911132341993,0.37099658318683926,0,likely_human
UCwsNrEYUpNKc_sJdVguokUQ,-1,3,2,"['40f133e176687cdef19798fc1f9d30bd', '43bcb6b90b34aff5c919df773f3e80a0', '4294b0f01533a135728ca08bc9d37854']",0.3735306600575246,0.25972408373568173,0.1525778450750274,0.6113150554027523,0,likely_human
UCx4uGNyk_sK9fBOu33RVY_Q,-1,1,1,['6ad5bd91c3771af97fea2afd66c84cd7'],0.4417640302068041,0.2597133815214641,0.13862382730717615,0.3149353913668317,0,likely_human
UCHVVDFs73xBmB1B5-BV8wcw,-1,1,1,['5ad906802cb98c65683609cf54b19f92'],0.4263558687053136,0.25935496768562166,0.13442509973801375,0.3942112300153982,0,likely_human
UC8SqVJZAXXm0SXhP_1G7eOQ,-1,3,1,"['7dab6cd3ea794e19b3552851ba5293b1', 'a9c8203029f417c245bd075e2c1b8ef8', '6f270a05e16ca576785158035c07e654']",0.41113561290967643,0.2591702654639481,0.155161160852251,0.4129647654301161,0,likely_human
UC_a3MdtTBQkM2hT2beOVIZw,-1,1,1,['109047e2c2e2f837007cd9fbdbf37b65'],0.4312992647703182,0.258956842426019,0.1385311226011175,0.36768191104573034,0,likely_human
UCUyUJfrc7R8TsrnNIagRjzw,-1,2,1,"['5acd9319e8b18e77a25ebee9543b266b', 'c7d2712b8cb4a5e42e29ad688b3af5ed']",0.3720461203511827,0.2584195538761697,0.1649965775452731,0.5707335114042932,0,likely_human
UCrtF9tnV9T1NewZCySMN_Qg,-1,1,1,['b77673b0df85735ee36dfc61d9ef0d45'],0.44289693895087323,0.25841559011181936,0.11458873505374502,0.3534887551688121,0,likely_human
UCfEjwTvNuu3ShrdMu30tIsQ,-1,2,1,"['c42dbbaf68d0348ab85790ee2c57251e', '34e9b7600b99c2afcec602e8d5d1a323']",0.4173185822710094,0.2574629282667549,0.12689216035935916,0.4325718322941138,0,likely_human
UC7xS_FnH1hfz2Vzwpt8BS7Q,-1,2,1,"['4fb767d78e6885613e667c9c7646ceab', 'd1b5b2ccd412230314bdf3cd707e489a']",0.41565535638325596,0.25738361714869035,0.1364598409652873,0.41145976104224946,0,likely_human
UCo1LkFdOLrJn0AsOKMTlutA,-1,2,1,"['1f302745c3004b99091604d9bce4dd89', '9585a98398a99d2b10155be40b9c01d6']",0.38932556219991915,0.2573616505787126,0.18360576962622552,0.44079925878619164,0,likely_human
UCty0KKpJtvbSz1tmZdzuRRw,-1,3,1,"['d09b90d36a5a27ad793921b99bc07962', '936b6dbff01726ccfb9637b2b0092c22', '9ac547a38abf3b3d840a779d63d67f4d']",0.3958795971763798,0.2571484534687092,0.1557009742519104,0.46164614419448946,0,likely_human
UCfsIK942VbiQ2fVFNFz9TSA,-1,1,1,['56c86ac9e4b542f503e0ea0c531673da'],0.4037743846816389,0.2568370767059177,0.16474775875550768,0.40120174936403696,0,likely_human
UCm0gI5ZNFaiBiQVZE4Tl_wQ,-1,2,2,"['0bb799ef727d6a48b252f585f468dd10', 'a9ae542c4209039592e654bdf186ff76']",0.38893880361682415,0.25672659273321563,0.17595523218635864,0.45493550315614334,0,likely_human
UCpA97btr1wU_WZUqdxu8Bhw,-1,1,1,['e2b9f3254a1d0202f234098077c43ed2'],0.4279766848104575,0.2561516181072265,0.13696960585603615,0.3546542216474804,0,likely_human
UCaoKfuiXh65zjATLQHenR0g,-1,6,3,"['8032cc2a136c395c2e7f86476f32b32f', 'bb3289795219b4614901a4a08a3ad3ce', 'fd1b6126e8cc5c3309d772603b9927b9', '51cb9350098e476cfd496dc7a6d5ded6', 'ef03218e2887f174ac6893ecfd7305ac', '9a89d28210ba619919d461a0f92d49e3']",0.37153380673177633,0.2559819675237821,0.1692239325050338,0.5348891968979298,0,likely_human
UCsiye9WoF-yd1jb5NK489dA,-1,1,1,['f594e3eb12483cc68de63ec2f89c71ed'],0.44056662942182445,0.2556006596338695,0.12138248835955405,0.332353327730194,0,likely_human
UC7cz6zV7mS5rGMRxUas6C0Q,0,1,1,['af2cf817ecb4fd5893724601c08bf48d'],0.44317417930597214,0.25517767764554355,0.09100448856690121,0.28450594550614017,0,likely_human
UC52Aj4zquftc7DPfW0pukdw,-1,2,1,"['742c49263c2b182f185ca1e0d97aaaec', '707f0dc84bad08e1eeaa85049c35f635']",0.399280069053255,0.2549871910310307,0.16290747841403555,0.42015007811658195,0,likely_human
UCWWIFcSnnhzPvxjOy-IfANg,-1,1,1,['b3a740f7b220c685477fb978dab96863'],0.41598434826334674,0.2549472843617204,0.1444116481789707,0.37835252567270183,0,likely_human
UCqyjWcMS6Pm7hdWQ8kyCvlg,-1,1,1,['f01099f5805a39bd114235340a256233'],0.420978386998724,0.25478906335300083,0.14651000133262776,0.34675210181988425,0,likely_human
UCoOJg6dZZvzCEeFUj7ECQCg,-1,12,3,"['1a4084cfcbb412a8d6ff442a1a18fc89', 'd9ef9090dbc769d96ac66f8289fcb67a', 'f54aebf842b29eaa65d367057403af74', '3b5fe2fd8cd099334e1c623a107d41c1', 'e22223c28097bdaeabce7ef326b63cc9', 'defb06d576dc218ffb573463c086acfc', 'f5654a90ce811f441d11cbd7f5ba665d', 'b4c6fa1593c07538bd0245dd920d3834', '1e5c7fdb15d67dbf6d3d501227773078', '555fd57d39771a2b4cecb3e8ffdc5c47', '4d53316d206e1761a1a0928ea90d1941', '68feb06b5287c1ee3a24170d171abf2f']",0.35319790249560934,0.25466057327998237,0.13550877735369177,0.6765185899931341,0,likely_human
UC79-NrKePYtESqPbEbbd4fA,-1,1,1,['efe58a96eb43173c096085db4074c357'],0.4188053960146461,0.2545529374907291,0.15957858670888944,0.33890185979156007,0,likely_human
UCWwFWL0EQ8uBSsRg29YPFTg,-1,5,1,"['4c22d61c379aa33d007de95523909b0e', '66c5f93c7fb53e3b30257d0212274ba0', 'fb207964414670ef92689d61d8e44b1c', '96a1d699b3b9e39b247c9f494a4f01c5', 'c99d05d64e0cb2ee2b5f2adff9ffd4e1']",0.40013507283493405,0.2544256689658701,0.1352654468713401,0.46615387608732506,0,likely_human
UCpICZqX1RFQiEkQe0ztxQ4A,-1,1,1,['1f3bf87b7cd07283be7fb975c809c1de'],0.4432511368147526,0.253943239774992,0.0956497742820634,0.3402022940408057,0,likely_human
UCnr_4bUnFR3mpU2vYs4uQzQ,-1,2,1,"['74dfc1d55a234322fb5b8cdd123e9e9d', 'af0ffad934b6bec4f5a56648544868fd']",0.4402359504297061,0.25371537921300125,0.10771516428747134,0.32901382045364286,0,likely_human
UCrTlGnAtoPtT9eRLn3Xz-dQ,-1,1,1,['e7e5f4dab739f85bdec180e19eddb653'],0.3739839940111719,0.2537082426796108,0.20188745766736815,0.4486579587330453,0,likely_human
UCvxso9TSmIo7dz50SSJ4LdA,-1,2,1,"['df57fe04d191d55698b9146b628b0007', '70d1fdf4557ed1fa5ed9eac19463916c']",0.38131440509990266,0.2533240047026736,0.17522812403104887,0.4594213564993402,0,likely_human
UCqX6XRnVnkfLBjb2UazDwWQ,0,1,1,['f56b98ace4750e487e7f09329a69dfc3'],0.3786005795437527,0.2531155595048867,0.16021745590883785,0.4083613036233872,0,likely_human
UCZDXdwYnUXOLnNCB-3IkHDg,-1,1,1,['99ee6863ac60171e374e4db883ad992a'],0.429227264826638,0.2529515515473421,0.12157244608407897,0.34506106798883973,0,likely_human
UCpEftiLtcvXVVO2XtF0g-3Q,-1,2,1,"['3bee17c71cf28da9f37edd7acbeb563d', '67041bda8949a5517b2b86dd262628b9']",0.3974090060192938,0.25281396901849196,0.14883332404763994,0.41662064425643125,0,likely_human
UCqH3dRI2uToFgNiA5uJ9aVA,-1,2,1,"['4ed3b7a3ddab0d949ec977e271cca210', '680f10cfc78e8305bd63e034e03954ed']",0.3900719623141075,0.2527050600989289,0.16797071347345982,0.4253726116011463,0,likely_human
UCrsgBpJ3f72JyHeRDa1SEKw,-1,1,1,['68647af083d488f43a2d20b17c10011c'],0.4179208318459589,0.2522375354056249,0.1533774273838558,0.3179891572637375,0,likely_human
UCWjVrEuj6j1Chqmxon51d4A,-1,2,1,"['b86ee6865fae5a394875adc27bb57e29', '3b44b618063005c56d258b4f6e793b45']",0.39983851638149753,0.2517248012998967,0.14839157670095454,0.4027991349083812,0,likely_human
UCoR0hGjVYW7OVax1NBJyDuQ,-1,1,1,['b9c0e176f3f01e0868b09a812e54b850'],0.4093620303169616,0.25162549241421894,0.1545999191173342,0.3535230831032349,0,likely_human
UCKED68JWmO_n20tke_BRJQA,-1,2,1,"['3be39fc3e8ccdb215e462b46781dd316', '7b8eb873c41b1cbe3a66ccbe1543de13']",0.38621893110015393,0.2514318555023812,0.1481104529767293,0.4657904343989591,0,likely_human
UCwKEA2u2esSxf5LM1IzZT9Q,-1,1,1,['0868ba727baf9f06dd7b5dcecae4a8a8'],0.4065997617390066,0.25135583403443823,0.15191590133875252,0.36041510862568166,0,likely_human
UCYw9_NgDgB6d7npatsKvElw,-1,1,1,['4e52bd3ef77d21af3d03f756ecdb6986'],0.3865396468791914,0.2498181620246168,0.1566291870492151,0.41639158771457346,0,likely_human
UCXbqsvPZdwsu6FJEnN-tpmA,-1,2,1,"['b08df6611041d4c76ffc51d0f862f709', '594927051733cff0cd8ca0aadd43d246']",0.3781953054377043,0.24973187054214904,0.14954087648441342,0.47540260645216537,0,likely_human
UCJIDpJtdIXefzoQclAzBjjw,-1,1,1,['49f81847f2fd3b15c5742dd29997f7f6'],0.42213408365928606,0.24924681472900195,0.116540392743119,0.3534887551688121,0,likely_human
UCcG7WQTNkf2FwuaJmKqbLBA,-1,1,1,['6b8e5f6c0f75a94ab2b34af51e900502'],0.3878652992794856,0.24888563156653554,0.16327621782338625,0.3942966973454357,0,likely_human
UCqRr29xfpBr6L2v5HaA_iaw,-1,1,1,['0a295147cd0feeaa62fb800e4cade9e1'],0.39367908675744645,0.248836182408381,0.16042645391760813,0.38504832360185426,0,likely_human
UCveEf-Fh-hPSBLpthyTYX6A,-1,1,1,['1ee598b74c16f3fc39b396958158fb62'],0.4132415138059158,0.24871163558488035,0.13082988538729168,0.3527211898957481,0,likely_human
UCHgp8gG_UIfF-qHiqb5QteQ,-1,6,1,"['028fba02ba30f65c65ce8a6e807601fc', '4f0646665dd9961de6e498339e0aa682', 'aba7636652f2684fe9176f241530dbe3', '3c551830b95b1034d41a50cb2dd22fab', '6999a04fb43c59b58aaebf8f0902463d', '8e57c6374e79b94ba2b2361d28ad62ad']",0.30532055775134603,0.24847388417314414,0.1783166241087566,0.7528926702321435,0,likely_human
UCBZ4K_4bHOGj4Snd3vCKK-w,-1,1,1,['a56fd13373ed9fd54373f60ea4a4524c'],0.3850684711379243,0.24828523168562755,0.16140629698492942,0.4064129628773405,0,likely_human
UCZFhmduJg0xnWAKZTxLsEFQ,-1,2,1,"['1f88e5abdb4f7afe6dc0bfc055d2a104', 'e1f0c82c836b6fe3b697cefce2fbde1e']",0.343055712498709,0.24796792240688464,0.1683368298006535,0.5973419417224536,0,likely_human
UCJOM7oPax-ptotYxCEqEisA,-1,2,1,"['ffbd5b079ec93a4e9d5168010b7545db', '16e6fc29d441fac87ce1725203bb4e8a']",0.42245005720470874,0.24783677773845067,0.1111670247601457,0.3389848255997968,0,likely_human
UChU6XTCSrS0b3Zjbri4rmhA,-1,1,1,['7d0ea00856479aa27cd0735f325c950a'],0.3875306065466233,0.24674820679184373,0.17219782714568835,0.37204189904419416,0,likely_human
UCqHrqTAUXJZ_RAEiqCFvq7Q,-1,3,2,"['05c7008b31f3ecd192efaa80d5852a0c', 'a49f311f2c74498a3922594f61f89274', 'f80033bab8ce1ab2c64a0b6312881e99']",0.37532812825620754,0.24614725368415016,0.15969077707542145,0.44136968515703856,0,likely_human
UCSUkJFPrPtSK8kfs63mtmeQ,-1,2,1,"['d1dfa1bf58a0a76c80a3a029332633fd', '765e25b7ee50db2f3b4e8fe99fd79002']",0.3807466154060415,0.24550159709836206,0.15135546685377335,0.43281427885087637,0,likely_human
UCuqHnx5ROKCe8FXxr5Ui4UA,-1,1,1,['d3331779a8e46588a0f58ad640d14046'],0.38151753561342155,0.2452202992915051,0.14788872356587038,0.42988494986169157,0,likely_human
UCAEzDmzNtaEYdFIX83Pee1g,-1,5,3,"['771ec5dc5ca86d44d93114f84313e843', 'ba4abc4d8c00904bbef24215881b086e', '269a17eb19df9e7ef2d4b68e9e4ef342', '3ebdc6bac157cad19e4a8aa28ed26de9', '068a192583ecbd267602c74964fda791']",0.3517174842690146,0.24468394908037266,0.14913954751633968,0.5518528125018288,0,likely_human
UCl6rOFGVHJeNBZ0GZhxQFMQ,-1,1,1,['bf9053662d22d03893c967b9734d7e42'],0.40571233908604737,0.24452959453802833,0.1423604378840841,0.3304519981670522,0,likely_human
UCPFHlDxj4NRQzhV1oWRvZrQ,-1,1,1,['24b030991eb72b3e4e8707e87da22607'],0.38837619273533663,0.24443864914705882,0.17194056276335298,0.3466136128795604,0,likely_human
UCeV9SiQ8ywwtk0L6d747erg,-1,2,1,"['1cb12c57d4421db7cdd1515851a69f71', 'ce59713fd3a70f567c7fe1d2b828816b']",0.37996076630781955,0.24442345319121977,0.1548696166780636,0.40974461358553904,0,likely_human
UCn6eZbZXgeC8lbGpeacwfew,-1,3,1,"['347b87709c84b0c0580cf2cc7d775203', '3da97d0c3cad7415216954a7e29727b3', '2dca4bb78d005295023c905e5d8eea56']",0.38476106197512583,0.24411548420004503,0.12916845204981245,0.4265459103425686,0,likely_human
UCL4qnP4C2Kppw0jdYRCGpeA,-1,1,1,['c531e8a15140096869d22ab780d7ffa4'],0.39872390967575444,0.24393411949804472,0.15169375491633044,0.3277753010519668,0,likely_human
UCPvj9PV-kyDW0ulJP0z2gXA,-1,1,1,['a922d0ef459246df28862a2c05f649a6'],0.3971766513316108,0.24300481780124653,0.15412560673570483,0.32737612107922703,0,likely_human
UCosYBwyxX3UR7vIVH3Tv6wQ,-1,1,1,['8272134498d16ec27faff5ebcafb7b72'],0.41244060237460156,0.24275737939307257,0.12996145458398928,0.2909139846880628,0,likely_human
UCwgVw6Cmebcxgvfd__DkDSA,-1,1,1,['bb0c088d93737e877767db3b3a54e12d'],0.4056762570807423,0.24209582306441796,0.15046383002728508,0.289174675770849,0,likely_human
UCcj7ZmXEhWKR_3Cm_VntTbQ,-1,1,1,['f77f12ee18be602a777fbd4e287894b7'],0.3834064677469861,0.2415469635738703,0.15896081429890502,0.3533145401776902,0,likely_human
UC3eLRxZOkTWE5UFfNhNZY3Q,-1,2,1,"['f057c10fa25f3b4ed6bffd95b05550ba', '4652f2ec965ecf9895ea1994d0c161c0']",0.3867164143745212,0.24138512298851791,0.1483771665084937,0.3668175982433786,0,likely_human
UCoZHTbuqLJbSVp9MeLZVfuA,-1,1,1,['e9659ccfe09dd54ad4c753458e0901c6'],0.3760944362530754,0.24118701538778015,0.1477741056749575,0.4032236256284001,0,likely_human
UCbWcbfc7cvNIReM-rwYA8AA,-1,1,1,['2c5db6a397cbde75dca6b992788567eb'],0.3784812871684605,0.24112294953678182,0.15188761912791826,0.40119042237482094,0,likely_human
UC2hZe__NLW92DEsiP_E8CcQ,-1,1,1,['9d220d685afdd0e0382e865682969c1a'],0.37420307132918307,0.24011289421968052,0.17103102807072482,0.3740918295513657,0,likely_human
UCHbhHTv0Gh7PFLrwJtJ9M2A,-1,1,1,['271d31f5da0f1605881f430e8a346b46'],0.36517981056359505,0.24000042118676346,0.18023380880080095,0.3920636369922929,0,likely_human
UC74Nh9NadTBV6LrXWOqsl5g,-1,3,1,"['51349ef4c5a075eaac8c1280f64be246', '4704f17e7347362388993fc6577cc621', 'b89b0f1801d9c1063bed5d50be154653']",0.34690508668017994,0.23988286246280222,0.15848031722577008,0.5178978083968445,0,likely_human
UCqUl1LdEOrlSh7SjFGIi62g,-1,1,1,['80e2c5bacd40fad7e6d201c212407811'],0.3872795638628898,0.2393814082737222,0.14976712927644337,0.3445674751800239,0,likely_human
UCWqFuT3RXo1jKHYRk67GwFg,-1,1,1,['394b076a35329c93e24b3b3157d2dfe8'],0.3598735776018896,0.23927737925609557,0.16949565758712734,0.41346933708997585,0,likely_human
UCBXPjY9GwNV505B3PauIM5w,-1,1,1,['3df4dab00e587e39dcb1e07182d0bc29'],0.3901281453125339,0.23912459650790993,0.14146978395480278,0.34074146491706464,0,likely_human
UCNG8-RIuzTlpxe2C1cfWDxQ,-1,1,1,['631041edba572505d9100429881f69dd'],0.3865750240740511,0.23902519619032797,0.14130939403122109,0.34751688274906334,0,likely_human
UCbsEhKJs5XToI4ayy_E2tjg,-1,1,1,['ccd56e96de6c5225b1993000d1fc7c6e'],0.40181630475252283,0.2388112761876617,0.13212977823481323,0.2971663472154945,0,likely_human
UC1X0QkDDx9PsjJUz9YNvH3Q,-1,2,1,"['449a02ed7fc3dc4f9cb9c89c07176839', 'c321af24081277a85f8fe03a24010ab8']",0.38879061098062945,0.2385188055802774,0.12473638919804679,0.36475064153523423,0,likely_human
UCRT817aaVgXP3cWlxAq-_iQ,-1,6,1,"['aeccc6bb320bf40e5c683df65ff681a6', '3826141dde98ef1ecc7540ad3bec8abf', '591023088602de07af4e5f99a126841f', 'e7c7ffeb9cd709c22c6389e5d043286d', 'f076284c7d2bb6749d33d2dbb2ee1dd0', 'cfdca818514ce2a2115a1d7cdcd38ad9']",0.3583485552904225,0.23826005038057646,0.12117470609092756,0.5039001548387249,0,likely_human
UCga4dF9awtlnrLVLB6aQvTg,-1,1,1,['47b7c3390b7ea04303acb1679d7e35b4'],0.41244828005589396,0.23795621529886835,0.11644131841603293,0.2865781743018319,0,likely_human
UClVRaMwIzPktDPpGSsyJuLA,-1,1,1,['e4b721799013f3f5609dd40f97247ec9'],0.36304353473119333,0.2359693227440923,0.17948793252824793,0.3661698883109898,0,likely_human
UCxcHzPE_2bXCw3DUZF8ccgg,-1,3,1,"['191710faf9a13d0f363d6e3edaed8f89', '2fa0557bd97900a2a74db7bf0bdf8aff', 'e6f8c56a74cf77f2022844242fb03892']",0.37013404300864855,0.23569463220281245,0.13735878799039064,0.4075801872338266,0,likely_human
UC22oHzXyXUuI7Dwf4swr5Iw,-1,18,3,"['55a6e78d7218eb170f2c823d60e83a50', 'd5cf8865816bb38e4bf9c118ac027c1e', 'fdda2fd256351ba544e2838492a6c42d', '40a17bd808fc7a99d89b233746768f6b', 'eb0bfae9920f93429f838ba44153e93a', '9cc4ac4b281aaa71b3a1dc3bb97b62d1', 'b2f2cdbd7dc8960ec5924309dff5181a', '9872b328bbe1b7e0ecbfa278ec0acb20', 'f537a14fe5b4f6a9fb207ee0abd0a3db', '5365af0e98841111cf2daa26575865cc', 'f7ac4b2f24644f07efddf92077eeadc3', 'f2e247886f0f3834206b285088d9bcea', '31443959779ae279974590f560f1ef01', '499d3e73bf7e55c3e19359366c5a3920', '9c3f953d28097be8d62cba7277ae9e0b', 'd2d7c68711a4d2747cfc1439fc267efe', '248fa9191adff3ba92fa0c90ee466621', '55146eb0f0bdfef6b9874917e06ed2ad']",0.35992668791174925,0.2348290210983306,0.13851719881884905,0.4438224696485231,0,likely_human
UC9SHXhJHHIvOqhIrUZHxS6w,-1,2,1,"['7f56c78da6aec95488b968dea1e3cbdf', '2ddc9ea7fad9a33052c4c0f08b639261']",0.3141617029307116,0.2345193684307376,0.21205266397075712,0.5160113759531337,0,likely_human
UChUJ5PfYUAUEQKaTUttc6Cw,-1,1,1,['99776a4f27fbaafc10bd5b1449c26cd3'],0.38763425278943797,0.23435058417184434,0.1427727733725414,0.3047058071009153,0,likely_human
UChAV7SZikJzAxI-Vo1H0nwA,-1,3,2,"['de71ac10912c2b69fe5f1bfe95addffc', '5dbff1e68e37ce9c6da6aa5e3658daee', '5f492c8c2cab6e208c486cb32b55447b']",0.3609424007130703,0.23421763203845022,0.12442699895076012,0.46305045203359674,0,likely_human
UCzJFlvyDL2lIm6nYRWymn8g,-1,4,2,"['cf46f85303d3aed47bcf3e57b59a520c', '9213346c450b3acd79941f5c8fe431c3', 'f43bf48e92a51d96bc5dde87eb5267c2', '4e5b1a04e91a56ab18b0f4cdbfc0d9c2']",0.35449690161073394,0.23371591419281687,0.15120168853883037,0.42328223166589574,0,likely_human
UCntX6_cV3labt8C16u55EfA,-1,1,1,['94eb209802f3a1f9c6c3b0ec99a3109e'],0.4125957039523891,0.23352592564778338,0.10514533165477824,0.2617597989356515,0,likely_human
UCAzKg4xGAnkj7dyEmoVeOMQ,-1,1,1,['3613171f580a98c2ad2f3b607a4e553d'],0.4021466211094952,0.2332479394224307,0.09188168974525572,0.30779643540556134,0,likely_human
UC7r_jS3XLZu-QFgIUGYwiiw,-1,1,1,['a1cb7bbfec4806c757c5ce5030c1ae5c'],0.3536707896147917,0.23259443338849006,0.16609357129282448,0.3889719063632406,0,likely_human
UCtNlwj9G_KnVD3ATFqQYvlQ,-1,1,1,['33efb8f7984037d0ca3a04c3e649934c'],0.32228935033625866,0.23242848647352451,0.1603676859755279,0.5467276783684011,0,likely_human
UCc-CRPruJU57CrPgGuHI0Rw,-1,1,1,['456d3da17aa9e7793a0b0036895202f8'],0.3361487942102821,0.23230107938126368,0.16379477490257455,0.4659614693840782,0,likely_human
UCkQ7wtYpib_593YWOi_uXMg,-1,1,1,['607bd25b27b657305031bf94b777d8fa'],0.3490947815678568,0.2321624710967505,0.1537692823103757,0.42662242528992944,0,likely_human
UCSzfruIYTMmQWRhsJ8X1IaA,-1,6,1,"['f18baced7b7dc4837b41d7eb017cac38', 'ad2881eaebba1ff9dbf079c16f7c96fd', '4294da0c355f1f5807760298ad195f91', 'a1d5d926875b79d51037aa9d6b1442a9', '431244602f9b6e959474f555fdf3c603', '838917cb3325431c4b8760f8d7d33de4']",0.3582735148277583,0.23197684130128432,0.13120706256451278,0.42301376206755736,0,likely_human
UCXJ4BCSpYUpKzl2itoM2fuQ,-1,1,1,['f7f81679b48be828aab8696f8c46926d'],0.42636113846606977,0.23172918148065055,0.07426087555914601,0.23486299627323728,0,likely_human
UCYvl-7QANxObz-YBcCKqHGQ,-1,1,1,['7d8728cb9ec4bfcdf35f4722fce3a6ec'],0.368491033997171,0.23143272280039623,0.15833769654600313,0.3328556366580611,0,likely_human
UC7UiAkgTouSdXuDXpZb8Cfg,-1,1,1,['6cf93b145056ae53dedfa20bf019e907'],0.34766979920727903,0.2309879369469205,0.1601205328378183,0.40527597481251776,0,likely_human
UCmMk1wPlZBMtkBPPCD7qCLg,-1,1,1,['320d94c9d86772f0a971008c44157192'],0.3831919004938986,0.23069341476838934,0.12370622862245116,0.31502068310688813,0,likely_human
UCcz6X0gof6KlkIFGx_4KqBg,-1,3,1,"['f2c09f24d39f89ef304551bc2f25c260', '8d82aacddbc6b293e5eb67a120c25e30', '215477992d6d3385f0171db9f3a09bb2']",0.3584399646605871,0.23035757977715077,0.13415652108646445,0.40745615351112696,0,likely_human
UCDUJnGevGUHE3vMzZHhhusw,-1,1,1,['081bcbc3277aed1df213808fb043751f'],0.39981552891363725,0.23024766423053716,0.11899573396951846,0.25462211724538053,0,likely_human
UCOM4a2QTWooucQrESCL22Ng,-1,1,1,['9835660eef9c7ad300858f0e04ce85f5'],0.3526206540056441,0.23017002298871853,0.16542006920972646,0.36549680733374007,0,likely_human
UCD8Ju8zS4psaUWbnqK2Kb0A,-1,2,1,"['572e8cae1461ceb8dee814e8c3464657', 'abd5790439b792ba978cb38e9dd7a474']",0.34871815499405867,0.22992539815571963,0.15529434696050898,0.4021533197999371,0,likely_human
UCiXDnjn4bGGc26Wbwi-9teA,-1,1,1,['6e2c0cd08c1ce42a8657b09077901083'],0.36602380265225576,0.22975523992168376,0.15557351067691816,0.3241320804449589,0,likely_human
UC7MHfoSKeeWFEIoOawKEv_w,-1,1,1,['ec7e1ccb953d8dba7651dced40fea4e3'],0.3541372354649253,0.229612022493363,0.1650148623561742,0.3621339916774813,0,likely_human
UCWZdHanLqH3XLd5KrJIbi3A,-1,1,1,['7f83ef8be173f97e50f009e67cdde043'],0.3483940592439046,0.2295550748447478,0.14551758705429418,0.42533181867728254,0,likely_human
UCykS9EXkbjcT_KiURF6oN-w,3,1,1,['423c74ad508ecbad7326693ed14caa0f'],0.36143292331690424,0.22938823169503064,0.07587228482297624,0.3956628998551953,0,likely_human
UC2EFpHOr8HgVKsEnWxDpxGw,-1,1,1,['b57b09135e4cc2ce6cffbe8aa5726640'],0.3518771677140552,0.22921767413163935,0.14976237378324875,0.39927166414923104,0,likely_human
UC5_P8Lcig0WIoLL6Gw_8P-g,-1,13,2,"['0cc39fb0bf2ed8b514423deefbc7778e', 'f914a43b484c63e958b5df7c5ca5e46f', '5c793509603067c6913534768f04d740', '86ccf395700ede0d3cb38129b22bd68a', '8d5531b758d7aaa3ffbc91e341a87868', '57814605c1e19d42c44286254c41dc73', 'c1bc43327bb2092c0b4ce4101121237a', '067ca4d593e27ca63b47897a33eaceca', '156e735b2ea5ac2403a45fa09e914fe3', 'b7567ff6c3fc4f97aa802482fd2b413c', 'd670ba925879c798400286e2579e32f1', 'ec2358f3ed29b7475d0cc1bb357b7c20', '4cb35f2118e41acafa6bee5bbd8ad678']",0.349632277370674,0.2287690995377264,0.12618339986449106,0.4495055814014572,0,likely_human
UCupC0GKAnfAYgwqynEmb5Lw,-1,3,1,"['29c79949ea4ba46702a3a9d4ac9e95e5', 'aa9c3542da37fa789b4dd6cbaf94a5ba', '4a863f35279cf7b91e7cf26a7c6e82e2']",0.33713529164892675,0.22842733940303395,0.15171981969029014,0.4542253722425926,0,likely_human
UC-2pV1JjMLcKwxJUmd4JG7g,-1,1,1,['79e1c72bcb41721786dd7745741662a9'],0.3682907514470458,0.22838598981347308,0.1266649354461829,0.3544856475917935,0,likely_human
UClWdzNSj1fOYUnhxaLgSyTA,-1,2,2,"['a3c5ae999d979422632579f03b68ca4c', '400c2785ac3a854f08cbf8cba41eb770']",0.32953882014279573,0.22837671797828116,0.16357835588728303,0.45479077423299613,0,likely_human
UCKnlWVizjWLivDrUOBrawZw,-1,1,1,['7f236938a2744084e7a2e7e68bacc5d3'],0.3622585438751814,0.22825643216745195,0.10370011016527945,0.4189355480283943,0,likely_human
UCTidAaYaf3GkdoezvS00hVA,-1,1,1,['c0bde247e37f63b0165bd35bf54d5b57'],0.3399663354920709,0.2279645300896096,0.15084784550269195,0.4316677379777523,0,likely_human
UC_8G031QPI7y2nG3b6setyg,-1,2,1,"['fcd3d3d4465cce54624f4426ae20ae30', '986631efd2a7d930f03f6c7678a21036']",0.3411091993396279,0.22685018956199746,0.15136760309602676,0.42899670188921635,0,likely_human
UCrRKzCcYcuDsIqpVA-JGpHA,-1,1,1,['2d28b46b6ebda7e3c283db03c63de7f3'],0.3284593461646087,0.2265962803461953,0.19925070825770794,0.3755672256217289,0,likely_human
UCiOs81DJveJ0BAYGBYl8SBg,-1,1,1,['2f5006519a2d10b65c50758c1d52cc12'],0.3449737612018865,0.22621425662863304,0.1215522092311484,0.4465933782445286,0,likely_human
UCc3ownSFuY16cE1hWywGeZw,-1,1,1,['02abd74a0a9b004265b964c53b5525f4'],0.35088211372429057,0.22563087641851065,0.12521873167259165,0.41570689821763335,0,likely_human
UCPFyY0XoqxQx-n6RZMH5Ldw,-1,9,1,"['1e7e10adc6ac195ce931ddfa14209952', 'e80b50dcf3776f5829eb783ff86a0893', 'aabc283166821d5beaaea9e97c499768', '569203131abdd8db1f2dedae55a3e3c6', '99b2192c805f0fb9be45f3fb76c0b2ca', 'a4e7d1e5ab3456a2f69ed65f77cc2a80', 'f13eb32c2901a201774a561d1aeede78', '246b30fb7073a0e795b1f936788e7c91', '2b9e112af9324dc56e5a195d77941774']",0.3058813821727046,0.2250794788360866,0.15933146798307488,0.5388878081420136,0,likely_human
UCVpl-rVcj-MiA92KtDENiVw,-1,9,1,"['ad4d388590b90a255fd126dee93d5a8f', 'e4d15f35115ef76b03b224bd6a0ec204', 'dadf10eae4b22cd25015fc92f77927ec', '7611053a1ed84062cd39d8f81a3c202c', 'd03f31d0f3c978283a382c6bfc58678b', '24fabdd7696d52a756a52c255957bc2a', '810dabee7f32d9102ff244b277606489', '42c4004abbf0b471e3c9d1b1150fa57b', '4167ce0bf656aeaa86e070c4791c1a80']",0.35896173316414814,0.2243347548763628,0.12318603135429602,0.37623034871255306,0,likely_human
UCCrtvDAl_x_AgzOBuzhzLJA,-1,1,1,['7e86842e9515190565b8579b43646a16'],0.3810923414501919,0.22354671072890198,0.0966879300827178,0.3069528826371651,0,likely_human
UCOnULsxLCgbXeD313udb7Ow,-1,4,4,"['782deca2f6991a163fd6befd5c743c61', 'd4cf4c6a086786995395e152fb0c2637', '065899350b2c4071b931fa866439a810', '1f3eabef600081b7e76f245c3213b3ea']",0.3157277432970978,0.2230040468152083,0.14430246359628768,0.5068352430184752,0,likely_human
UCpSEFToGGts_D3nZwhlFeaw,-1,3,2,"['90e7d3aab55a2a3d56cbb75079217d3d', 'a4cf202ef74116904cd267ebe893b0bb', '07851ec53708b09902ea1416d93bc1b8']",0.3227196704065438,0.2226516136814602,0.18019099287367638,0.40467229453186554,0,likely_human
UCO31XKveNp-QvMTSkRJLlAg,-1,1,1,['179e15c029a9d6eb493e3cc798f84b46'],0.34206778485762646,0.22264991909887638,0.16451655971217236,0.35671044815605246,0,likely_human
UCArI9_pRIAamxXHC-zL63sA,-1,1,1,['d3cdc5b9de5525bd16f3bc6f1f21159d'],0.3213013988661818,0.22179843772461505,0.15286865759766413,0.4528810940011843,0,likely_human
UCxKvfI-FSOv1hsDbYZ8hl5A,-1,1,1,['5bdb0cb0fc0bdbc75376b15ed609e5d1'],0.3403681277492769,0.2216004897323726,0.12905553572349523,0.4032416405740316,0,likely_human
UCKgMgjRx28cXLsSnCazCkVQ,-1,1,1,['99a855b3cd7861990895960996892c4c'],0.34334167431846085,0.2213352971958733,0.15041892526479686,0.34642898050988974,0,likely_human
UCM-iy2kIsLJhSmGMiXMfiZw,-1,1,1,['d95c9186cf7dd605b965010a58933373'],0.34633434998897195,0.22131217929539537,0.1032366147551628,0.42899670188921635,0,likely_human
UCtQeo8yEi46OBZfK7of5pRA,-1,1,1,['5ad6928c8b93a34b41ae0e8894e35af2'],0.36011345400237116,0.22128535750652273,0.13587070503230486,0.30289137219551454,0,likely_human
UCIt_U40-ihhANT2h94Q46tw,-1,1,1,['92ebe34ba66980fd1bd0340fa4794917'],0.3283042051906199,0.22106240986673895,0.16171249398973137,0.4020487460397548,0,likely_human
UCtDT0UdfTANQy73gvTe2XJg,-1,2,1,"['4d1664b7c84af8d86c0a4a788a8d3325', '4c94d0f35911f3fad595a6f5e8ebf4c3']",0.29328780137077065,0.22089440881896527,0.17395102447246927,0.5305888218726695,0,likely_human
UC8bfZjcsXvRCttDoZnk6Biw,-1,1,1,['9d2dab361ed26dad01e30d59278f2c7a'],0.35364749873198653,0.2207436338926761,0.12730460142896835,0.3383593242878302,0,likely_human
UCWwlAIoJYE-yJr8xhmDwbgQ,-1,1,1,['07e8cd32bc840cec6c123a1c2dff7e62'],0.35963864619221064,0.2200099703118549,0.11779005663502981,0.3218602243551455,0,likely_human
UCmFcRvEeFcyC9iDJwXjhGSQ,-1,1,1,['14644f850599162eb2b93825fd36f640'],0.26614905297669345,0.21986990159725694,0.18899487550869035,0.6225724255890043,0,likely_human
UC-lZMtkNtxQlKHFm4Q9maVw,-1,1,1,['b5661c1bb3d766885a0d8e00dbdee134'],0.31122054618842054,0.21866346293876693,0.15939724373654812,0.4547246381110418,0,likely_human
UCAH3L2VwTu5TSUM90d4HXEg,-1,1,1,['091d2450807208a44daab8d22ddc3e19'],0.3545563811204438,0.21835175091227138,0.13725060914264747,0.30397538643442723,0,likely_human
UCMLkTrKuK8a9PwL4x51dG3g,-1,1,1,['cba5b5ccffe38e31123655ab08fdfe16'],0.3146330915421702,0.21831489264786802,0.16235624312690128,0.42662242528992944,0,likely_human
UC0iOiVPPGDNy1CBn2vMSbWw,-1,1,1,['b5db8ecff380e97d73e16c0154cbb446'],0.3567460822786589,0.21794413279135394,0.12658532688577212,0.3144993890610089,0,likely_human
UCYcaYfdj1hUFPEPnYSclnWQ,-1,1,1,['dd5467c61119ca2876d3a22b82c54bd3'],0.32373266388976984,0.21755559690050957,0.17490387199194624,0.3517048610578449,0,likely_human
UCEDm-RB-rBStH2hSVos2oBw,-1,1,1,['9981456e81ccf047994db3ca7ef66ee2'],0.32770860095523363,0.21636631393731204,0.16521843713625797,0.34313491250405637,0,likely_human
UCxmsAjbzcAPfHsLou3K7tfQ,-1,2,1,"['ae81874c0cca302016133f6964def728', 'f5eb405d2e915726adb4459420a405c9']",0.29725130685818546,0.21597504352289015,0.16224851326111153,0.4925116419519277,0,likely_human
UCCPZ_nqv98mbUkN1mM_GKqg,-1,1,1,['9a10b43dc936b016956d3c04732133ca'],0.3449573261464318,0.21481094770506082,0.12340062573330216,0.3352743948927221,0,likely_human
UCZ_V8XcGJySMuYpDV6lLisg,-1,1,1,['475bd46c116778f550b1e5f2893771d2'],0.22656541970050312,0.21437300317016245,0.1805170266891225,0.7528926702321435,0,likely_human
UC3Q02snaEb1LMDJ2841dY-g,-1,1,1,['4bdee956071e6a4f0c3d4ceba1cf5587'],0.3398123225198427,0.21413792102226584,0.12554976639753898,0.3448815956528413,0,likely_human
UCrCYmYYlKZ9MFgSsH9mys8Q,-1,1,1,['9beb0d384045218fd0b35fe7cf0d3338'],0.2508019945701621,0.21394661838586454,0.18144181599335552,0.6285849218305828,0,likely_human
UCpokWRoyqHrOSnjvBVG57eA,-1,1,1,['2297470f6156498cec7ba93fcf9fe6c4'],0.29346207321069817,0.21269867391561376,0.18404821946688157,0.42396737361140874,0,likely_human
UCERe4RCslT6x4HOSHqEo17A,-1,2,1,"['4cfc643e011e2c8f7d71d50c0ce96a39', '3878c4e0e04eef4c1512b61d2325688f']",0.2728894500488051,0.2122167682470455,0.18712422105906465,0.5126815190207472,0,likely_human
UCd_bh2jG_l6mHdwCTJzHy5g,-1,1,1,['1ee109b2695b52d54fa2ed59cd6a8e61'],0.3062941537126329,0.21214021778431336,0.1541303748613098,0.4248903757947209,0,likely_human
UCxsm8t1vR0sXU4dEkmEHVjQ,-1,1,1,['9eb0c2907c31eefab4f9fba4bc5aaf37'],0.32202272084599176,0.21213357919263132,0.1636716676944571,0.33580944250335043,0,likely_human
UC07XQ7ddpmLE3R0LRB0en8A,-1,1,1,['1ba5800213a5c1485fec97a784ba0521'],0.332956610792268,0.2119245457450919,0.1426200250790373,0.32306555620680544,0,likely_human
UC16XEA0194vmBskJ2Yju1XQ,-1,6,1,"['0aef04852c45701620c75f693ecb8cc2', 'eb24fe5ac79eb79c82edc45973cfd54e', '8007040ca0a660f30ac177ca4196beb5', '3fb1f8b8c77b98e8a1e79798253cd421', '64505c20b23db884ac19e6f0735aacd6', '4d24db7a6363073b37cdbb6474719c59']",0.2997771930160588,0.21183940544820265,0.14325221244655995,0.4765213683405899,0,likely_human
UCX655LxCfO7pNK1HgJb_khA,-1,1,1,['26c084c26d25f0a505ae41fd78fd7223'],0.3401180029761357,0.21168241014824074,0.1370339575292777,0.3034300443008565,0,likely_human
UCPms3dRlA5W1sDGWUI4wWTw,-1,1,1,['61036e0657a329558437f6454eb5af97'],0.27767407296932045,0.21120864419863022,0.19800576481349816,0.4602335779325435,0,likely_human
UClEtGOkjQcGAyON1b8GBDJw,-1,1,1,['c3a1fae87f5ad660112d75901e9e7080'],0.3381903110671499,0.21105892045935062,0.131767710117396,0.30494956630199055,0,likely_human
UCOAr7ExzhZ4-M3pjXXUmcHA,-1,1,1,['7234bee5947d343d619a42e12b21829e'],0.34558536075321633,0.20971946779544937,0.11715139777218644,0.29401688663760905,0,likely_human
UCiLpbULwP1PlxMHBFWAp6sg,-1,1,1,['0268fa13912c65387f96b34fbca72042'],0.34092322462480773,0.20856383185350524,0.12372493057507719,0.29993587776506625,0,likely_human
UCXZ20uBLhsd_jNRSV24t0gA,-1,2,1,"['38db4d52aa986f180218f8035aab64d7', '21687075387b6d7fbe5e6333abae5234']",0.32653708322570485,0.20796214018112516,0.12234792017007144,0.3504391622155377,0,likely_human
UC2fZU0v_niC7tdZykVtj5lA,-1,1,1,['79389959ecb68ac0313bb4d5c5aa21f5'],0.32078092999963326,0.20754851694125953,0.11872817466198343,0.3678190808376969,0,likely_human
UCLGxusEFwGhvGvMTDvbbkJg,-1,1,1,['6f601960a3c7f8fea63c87be037b1dc0'],0.3040326399679341,0.2057749190778987,0.1577363411989744,0.37265923734690237,0,likely_human
UC5rwnjydNutr8wKZaAjiQ6g,-1,1,1,['cdf7ac3577cd60d8b81adb43df6d9935'],0.3145450695843176,0.2046539922100874,0.15701189553703299,0.31211845338963073,0,likely_human
UC6Lcvzzk0ADlq5Vs5U7Al_g,-1,1,1,['6363f3bf059b40ad4857bbb0bd584a6d'],0.3151464834734365,0.20416392923581614,0.14403730236656417,0.32855787752587906,0,likely_human
UC6NOihAZ8N4s5daUf6kPCRw,-1,3,1,"['9f99ba39dc4122ecf32bfaaeda4e5d3a', '3d2d1509e9dca233d1653c23d8ff75ee', 'ead1401da174d4a0b92070d0633bcbc4']",0.2809790479138537,0.20314656798313013,0.16160450884598834,0.4377305151135625,0,likely_human
UCrUDzi758oDX9MocYKoFErA,-1,2,1,"['c69c406feec636053f35ad73ce86af88', '6804380c156c9977809ae700675e2a31']",0.29867580044261266,0.2031141563455005,0.13397558285696928,0.40949741302710824,0,likely_human
UCF0G8j_gZOfzZK6P7AajMpg,-1,1,1,['ef41dbda026730a1dd677f834c38a900'],0.3117443078012447,0.2028592805884437,0.11908260589652366,0.36146090401207814,0,likely_human
UC42O3XmOOHkNqZvrsmhh4lw,-1,2,1,"['ff2fcd3323cc408209041dd802477b89', 'f596f8244c942531132733a669982814']",0.17516130170911157,0.2026245176202861,0.14513225971260918,0.880450238995885,1,likely_human
UC2QGCXHs3--PuC1FScxUNUA,-1,1,1,['4636579c74b093b421569c0782c67890'],0.31452613198213986,0.20185052287722216,0.1218628650247047,0.3396806711873244,0,likely_human
UCu4f2WD4MKi59aVWiMML9EA,-1,1,1,['3ff6d34d454ab285f6fbf105563fc604'],0.3049868906796759,0.2014264971738236,0.14832697956795782,0.34506106798883973,0,likely_human
UCaUltBFwedl5bkFNmkaX0Cg,-1,3,1,"['888553f24bcd0a0db05708ad6c12c5a0', '92d8e625dac92213ceaaa70dbe244701', 'f37ef94f3ee6091713afcd78861affae']",0.2912928067499512,0.201085477099785,0.0948740395076303,0.5077643480831012,0,likely_human
UCbTqJDynLlq1UXBMKGBj66A,-1,4,1,"['f855224c0bf809ce516412209b92e62f', '4f5fd18ce9efb1d0d33b09ca26c92309', '0323b2ab841b0fec03bbf5e884c94d02', '24d54e40ed0c6f3b743eab76dbb24825']",0.23771557503347635,0.20043786766762606,0.16498674153446513,0.5961847044623729,0,likely_human
UC2bwc_FXWvqi8yrlrgT45_Q,-1,2,1,"['fbfc2d250d9cb2d8261dcdf849c61203', '405a5971a9441eeae81089ef08c38f1d']",0.2617710661067624,0.2003152282202246,0.18366889781229798,0.4459658853809245,0,likely_human
UC4PZo94M23QNoaIzr2lv2cg,-1,2,2,"['b809ae603ce478ebbc00fa639dc08865', 'b60a9eda11411446b9aa63097f1c5849']",0.3176773020020014,0.20017660402445547,0.11545333527688521,0.32563954051588645,0,likely_human
UCPuH007CQZCQssvAo1dUvTw,-1,3,1,"['e82d4b00d7a68cbf647ed74fc437f413', '0bc0ef7d75aa253b1a011bf96f878264', 'fe24a5cf27c472e77c20ea28f75cd1c7']",0.27399895573608574,0.2000228236164403,0.1581400229883648,0.42895519464112386,0,likely_human
UC1tZT_N9LhgJyFFeMgtbCPg,-1,5,1,"['ac87cd0e93a862c2bc913cd25c4b13f1', '1a535a9c877ee4f9ea5e8f1aee9dd194', 'bbf48379834b83ed29efb96f9595145e', 'a0fd1cacb6575a10efe64bf848e915a4', 'afd998f0d593a6aa3b9453b260a5efae']",0.26938813080515206,0.19816196834280053,0.15397591205929068,0.45877168917321776,0,likely_human
UCDtuNa9WrrV8gvHqQGCywaw,-1,1,1,['9a65694da20b71a5fbfb54b6052db294'],0.2987020250775918,0.19713319755998054,0.1296665219312779,0.34692570948830165,0,likely_human
UCNf0Tvh9hCsh4E7oxTtX_Pw,-1,1,1,['b8b988ccf25259b8c976372c3b3f4c03'],0.2645817774750426,0.19631232453698488,0.1792491265695494,0.41324156130761397,0,likely_human
UCT3NgLNHGYXYA2mGQbaSw0Q,-1,5,1,"['8c2a43bfdd39188f74ac5172a8927b26', '2382b02f7e6cd54b08254da775493807', '45c6534a9b2b3c8e72ffb527078454db', 'ca148ead250e1bfc8505ccccd901357e', '0bcacb04b873e888deaa17bca91727a7']",0.2780710897809727,0.1959350085991734,0.1427810328885969,0.4107295162718098,0,likely_human
UCKqZ4e6VoRRZb1J09VtCbWg,-1,1,1,['34f274b66eb8cf7829b1445b93454cfe'],0.23798484181605534,0.19586912419750968,0.17048632941761965,0.535959260987563,0,likely_human
UC25m-hK3Y2apJHXX1U4qh5Q,-1,4,2,"['ebaf80643d03d05c7e42087b25ef5a5c', '6029ae86c41419b9451340a087b3f405', '322e558fe71b756db98261e18819dd71', 'ff5b29f877032e7b3383e0091ca5166a']",0.23683410461655519,0.1946269420828758,0.18218728145093777,0.5098860189207262,0,likely_human
UCPVjFDhcwSn1BLAI72Nypiw,-1,1,1,['8f142dae2c300acd2e319208486b7fe2'],0.22476313702475814,0.19310364826552803,0.17858301257730427,0.5421442459488875,0,likely_human
UCS1blgk4aqW0aAlv3Uey6Kg,-1,1,1,['a91e1dfcd69cf6fe1e5f8b6f4419bc2f'],0.2564945459725795,0.19306635880291684,0.1650693632266981,0.43809849211306584,0,likely_human
UC1pY6JeeLDQJRLjnixcK6aQ,-1,1,1,['8ac762b64560ac1de95cf27cd48ae96a'],0.27732018119291624,0.19234507543249058,0.1537671945634897,0.3469935068006992,0,likely_human
UCBHNRT2EdwzANBQPsSn97iA,-1,7,1,"['f558b0fe32d2c8b62348fb59fe66ce6e', 'f7033ed161fd1eff84fcd287b1fb9aed', 'b44ce77aa5d073c8fff1a787c272e41d', '5f0bc168627fa1ea54954da7625341e8', '29f8c75c1bc7e62040c058ec7aa41fa0', 'c00dc33652303e2021e0c7c6ce4bccf9', '162a238ce9597a40667a809ff388c6d2']",0.2762721935897883,0.19190341765154317,0.13370368624517323,0.391982758403803,0,likely_human
UC1c_p8FGpIyYRWDYtuMj1cg,-1,2,1,"['61160fff17bf61639832170aa525a540', '032b7a8c26704d7019538ada8e2d3866']",0.22644221475491433,0.1906114850579485,0.16723131416471562,0.5348891968979298,0,likely_human
UCXt9cmCBWpP9QN1FcL7RZMg,-1,2,1,"['f07f8a21ea454634e9efdea6ab6f3bff', 'a5aa10030ed90d40c75fa89ae69e8856']",0.2673389645216397,0.1905647613093825,0.152468795845623,0.3923333928901784,0,likely_human
UCrYoaG2WwlE-Vr2LExzKa5A,-1,1,1,['283371ded6758a3bbb1da48affcadd81'],0.2813202790183961,0.19025242437355844,0.1342012842339551,0.3546096341119269,0,likely_human
UCO4m8_iiX6EXt22AeYg7PFg,-1,3,1,"['b2741fb8d1426e3fdf89d47bbd741634', 'df0719007f08c46b8257f506c8f4096e', '0407e6ded5dc07b53f6f5a73d6a176ea']",0.22898189713406947,0.1899766557914136,0.16452086286967119,0.5388878081420136,0,likely_human
UC2ouDDp9vM9axTeAZbLFfgQ,-1,1,1,['4ba6ed72a43a6702514ff858e853f4e4'],0.2771045626545667,0.1882329410787197,0.14020650802806403,0.3379684008488226,0,likely_human
UCVjPch5_Z4tyOyIvDRNfTuA,-1,1,1,['72c607dcfefb2b6216a2e419f3cedc59'],0.23585987702749067,0.18722938355821137,0.17832129108385197,0.4324573000838656,0,likely_human
UCsVCCj4PgH_yYAImjjC-y7A,-1,1,1,['62e30a4664f39d3d350a5b305a40bb54'],0.2827394906219203,0.1868475247747356,0.11610898925999837,0.34740282550684637,0,likely_human
UCHxu-29VEy-H-Uf4IS8qMWg,-1,1,1,['25fa432826c3d61bc5b1af6a68981c34'],0.21893522319681286,0.1858529784930195,0.201721490458168,0.47628821447734554,0,likely_human
UC31eIJ1DAgMLQLjua4pyzrA,-1,2,1,"['a005a48c1ad225b6b06187892defac99', '06650a8e05b84c6143c5440a6c22b922']",0.20501629385919706,0.18533621212518103,0.1678565479006025,0.5943987512451883,0,likely_human
UCK5AiLIFgD3GBKzrYkrMwig,-1,1,1,['4e395c33fb73360d817ba98cf7421235'],0.2699818759729837,0.18505979930813238,0.15117557348978614,0.3242757586589176,0,likely_human
UCZdw8VVKcs6O402g2xH7mLA,-1,1,1,['d9e153c320934cad44b7232934f715a1'],0.26394794472964433,0.1850569026350069,0.14977469868592938,0.341499317601263,0,likely_human
UCamQFRNnR_Wv0c_6ZK1BgLA,-1,2,1,"['ad8d2cce7998be5800e8c178e58921b4', '8cd7a5ebda5725e67da0f4fee77ff266']",0.25075154643845643,0.18496189755807818,0.13242739424887287,0.442542428091107,0,likely_human
UCGXcJmnshx_InLp_BJVKzIQ,-1,1,1,['9309e239572d09e9572dcd1935b6da87'],0.22132551731412814,0.1826970506852822,0.15740276805870565,0.4984443880379621,0,likely_human
UC9MjyjeKmidLZzh1lgfTNOQ,-1,1,1,['47ddb7384b8e421a2608b018946d24b4'],0.2255107662551129,0.1820783413170968,0.1675567585167671,0.44936279780946514,0,likely_human
UCBMoHIaWI0RoVbF-AYzZzVw,-1,4,1,"['dfe0af99f3eb12abe9d15c965371da64', 'f494853908f9aaf1d1cbc7b564de4b23', '1c6ab4bdc0c2ed0192acb3583981d285', 'dd7a34af76a080a0b20e11d10d95e8a2']",0.2685200939723944,0.17966872512180737,0.10264207986334496,0.3740918295513657,0,likely_human
UCLWGzTKv1nnSlpE_249_FrQ,-1,2,1,"['5bd2de040b19f24d0fa5e8a276b5cfb1', 'ca4676ac9fc416fd625cdb378a54a4b2']",0.1763279601514694,0.17949241139345953,0.13104450386605987,0.7370553326001116,0,likely_human
UClGG4NBhpL85Z8LuyqLUJ2g,-1,3,1,"['8fd05b93e2ec028497edaca726004024', '46be534351664a06c71d11f01a632335', '960ef7438b8234c8f4af67a1511a7ef5']",0.23913030605999766,0.17937244710383585,0.1386607034543813,0.43036951922452277,0,likely_human
UCZFC9JHrvSg93WbsFuMiXDQ,-1,1,1,['1b9e62dc6357ec60877f165b363c5ad1'],0.2770462260777605,0.1793369437984899,0.11812145059207918,0.2965746328689367,0,likely_human
UCIsz8huZX0674iyT5Qrq0RQ,-1,1,1,['e54c13612c2decadfe0087486f8407b0'],0.22676500827847876,0.1791885449550709,0.16785834103232247,0.420994682833875,0,likely_human
UCkK7L2nqQs6GgLM1dr8lxpA,-1,1,1,['8593d3aa335705d868ea612d2ce1535a'],0.23658315416637427,0.17821384785515526,0.13761980800022547,0.4252306872467314,0,likely_human
UCpnt-lNJhewVspZJxHwb5mw,-1,2,1,"['2e327580badd8c6af4d2d02b7eb46229', 'a2604e55ae52587b4f98724f22d8ae67']",0.22425702576716666,0.17740758268580453,0.15518519952791987,0.4429791733869228,0,likely_human
UCHuVkfiLtcufevWYdRBJZ5A,-1,2,1,"['230628192256f217842b5252b39d85ac', '575884f40434c5910ad7f7ea0beacc5f']",0.25516953441994283,0.17696651112626188,0.12651697983034838,0.35111489875794594,0,likely_human
UCjfdIomK4-8DLEDEcUO-uVg,-1,1,1,['e1d022425bd8781384d9dc5a025606ab'],0.2447301663970375,0.176730206134805,0.13658590924995073,0.3793591703613092,0,likely_human
UCdv0fAuevDN8krzu6fM26rQ,-1,1,1,['9c35df89d6e7ab12b38bde1f9b3ae5c4'],0.2349590302379035,0.17625547491659405,0.1616804057755002,0.3612422563509879,0,likely_human
UCxjI4tRiaoDHPkI6oopb6OA,-1,2,1,"['bbe6ba8da9b8656b26faff5b612e181e', '3a2e2b1333d5a1e09ef5caa4397ec887']",0.20734830810463664,0.1761888510625874,0.16429063026469928,0.5039001548387249,0,likely_human
UCyuB9JXgyYOJ1uuVK0qBt7Q,-1,1,1,['502ee63e6811c89b815c5448f9ccf301'],0.24274831960984605,0.17543538246308707,0.12780964961425423,0.3847591826869141,0,likely_human
UCsQD6eNixXIaZPlewKZpK4Q,-1,2,1,"['0464350b593ded289cdb42653456cafd', '53b7da1c04d549abba2c72cbd2a4cc1e']",0.2754944200517588,0.17483373898900967,0.09274853755803937,0.3039015664217679,0,likely_human
UCL8vSWcLmn8Ywii4IDx3GDA,-1,2,1,"['302f429617629099369af56c5fb1a92c', 'e282199c59461531b8a9b0882ac11abd']",0.253209757978486,0.17400425548631132,0.12792638487833477,0.33161059295332157,0,likely_human
UCxxqHY9PZidA56re0LEx1gw,-1,1,1,['3b6a3730e055d77c4d094da607e48bcd'],0.2220711574508769,0.17350633229243445,0.15855262421076258,0.4043308112372259,0,likely_human
UCzS29TBFkGcosJRyR70Azgw,-1,1,1,['de5e5fd2d60137466e3f7612f34e4aa7'],0.23854410396426384,0.17338724739475436,0.13211671534392724,0.3803710724384834,0,likely_human
UCd5hm-Hf4qzNTvNJFPA9bQw,-1,2,2,"['7bc023a26cab8c2180321f717361deb9', 'b4069746c652bd5ad982019736a648d2']",0.20650175544224816,0.17309845881343394,0.16376169856975115,0.4629349188148733,0,likely_human
UC46hOVC3bf4xoA44Cw3HU_A,-1,2,1,"['8af50af7409f5693f563bda74f37b089', 'b6277f3255f962aedbf82479d09b7419']",0.16550352620846392,0.1718815705938471,0.164857509159332,0.6420808162440136,0,likely_human
UCmKKGXU1SI298AxCvdhyI7Q,-1,1,1,['b2f917e1b6c4269820b271d88e9c7173'],0.20998181231153062,0.17077110400625786,0.17190694799978015,0.4181975304391729,0,likely_human
UCLuQCyhM71R5yQCTRGiAW5A,-1,1,1,['9bd86d51179a32553f1f839453e618ad'],0.2139774034709242,0.1696560055104428,0.16561400938308363,0.40119042237482094,0,likely_human
UCcxUqH2xvPgnOS7gRtkDp7g,-1,2,1,"['1a34858cc17cf59d3a23f09e3b7fcb7f', 'd44fef3b3cb7d167866d46f3de767eb0']",0.2457014761594986,0.16932117211372216,0.11281927148720926,0.34471369137643343,0,likely_human
UC9GYK3eSy7piQ8TeU4Nc1bA,-1,1,1,['b02745db59820f2d71a4aa060770d6e0'],0.2508731144448982,0.16900438254534583,0.09261331919058123,0.3640945620680319,0,likely_human
UCLjCTW04Ohuv5yX5QbPmwNw,-1,2,1,"['3735736eded71fde3bfc0f8cab1edb07', '179ca164cf128010dc73f265e0e6befd']",0.25525532109620475,0.16876953636780145,0.10082921555610654,0.3228275742782428,0,likely_human
UC4jXdcPEC7bKjbwGAcogOYw,-1,1,1,['cad268a55f528921465ba6ecc84afde3'],0.17076538772791483,0.16861750438492634,0.1912374484948359,0.5327921535372399,0,likely_human
UCgUkokxzcMQzZn4oJAhEzrw,-1,2,1,"['a2037c37215f9890668b561e48bd2b09', 'b8885512504f544415c5f5cf2739067a']",0.1801534818238596,0.16715008737430068,0.15935637630453625,0.5327921535372399,0,likely_human
UC0zr-G3cKx0tWqO5-5G8rHQ,-1,1,1,['c9cc243424615f299b4d006d199d2507'],0.24368315693938242,0.16643784430832687,0.13203892310467072,0.3095346010017009,0,likely_human
UCwBQ3w2ewmqjD117uftcH_A,-1,1,1,['06131909bee32402a89e576a470b488c'],0.2183211393687941,0.16601046706589104,0.1518751681745936,0.3561076958319542,0,likely_human
UC76ivIKyHZPNtnN1SefKXGQ,-1,5,1,"['44d3185a5bf97363f1518a99279c4475', 'e0a75f91174f63c23732688697f58748', 'bbb99592fb33afaaba8445086b992cd5', 'b3de4190a70824f9cf30a53d25ea3648', '3f165a93bd334ce78ce4993b2aabd561']",0.1526117826752183,0.16578988803702813,0.1584717647338083,0.650526680562004,0,likely_human
UC7BdqeNdS6b3Miv7XVhbQzw,-1,1,1,['e6c543e1c193340b6104669c7d875da8'],0.17634452821534832,0.16539316399729664,0.18761416149970056,0.47388935767804324,0,likely_human
UClcfwszFmlT-xyyJe-YzTmg,-1,1,1,['5515386ff856389260f525c39126aa27'],0.19256281522717747,0.16536337090161338,0.16869079075544444,0.4355713509516102,0,likely_human
UCH-ZR74I4eHOjXY2_59Dc-Q,-1,1,1,['7648772e78f557d7646829a226dbed31'],0.16459983917787321,0.16530865901308678,0.17871485350876992,0.5464997115407658,0,likely_human
UCaPT6DWr88E-2Ul_9qKoUfw,-1,1,1,['047a9263668e4a64a791e5fdf146bbbb'],0.1900353005060832,0.16497592216221213,0.1939757359436064,0.40273090130164596,0,likely_human
UCoGz7Qagf8xuAOM8lzRkzpg,-1,1,1,['efc3503971133bbc6edaa8c4c0ea235d'],0.20187898572113638,0.1646646062462612,0.1523515011477852,0.41904052183412505,0,likely_human
UCmIS4gBF0Dcv63NdgO1qvSw,-1,2,1,"['60cec73e7fa9d0e28f141d20956eefe8', '27d633cd7b4cb1dc049b798c52844292']",0.20269712580281574,0.16439894511134262,0.1438585370551217,0.4292156234192238,0,likely_human
UCYVICUlf-1AKESJj9nKxMIg,-1,1,1,['a9301dd380426dba0435bc942374cf6d'],0.22828070844241144,0.16361990595061895,0.12495693548973055,0.33855050761183336,0,likely_human
UC_2H--OuV44a8mMJLGAau0A,-1,1,1,['999c4301872836aeb7a2a3eb46321942'],0.23802282152997215,0.16344913793759724,0.12073544680105214,0.3092542067113315,0,likely_human
UCHe6Mzr1N7kJGCucYUKzUqw,-1,3,1,"['95813c46f487939d78f820be1721bd89', 'afb03a502ddfab7caa58ffd155dc2328', '85030db9002a7d733253b0c2ac6ddbc1']",0.20503009313687895,0.16305263076350704,0.14886245705310397,0.4014855544675381,0,likely_human
UCyKrLl9Qynwg3W-Opcla2gQ,-1,1,1,['92428d7287dc44aa7b1a6ea9438ba185'],0.23309358607894645,0.16231515678283542,0.12820518384587679,0.300781355895894,0,likely_human
UCg4Ix69PK-YA0pPPXiSVl8Q,-1,1,1,['8be906d3202305f9d59a2b3bf9304519'],0.19960786383952786,0.16141040371246096,0.129869361036792,0.43327239442726945,0,likely_human
UCT8SWAuqd0jlIjRO1eYbD9g,-1,1,1,['ba5283fec490f68feec5894ed183fcf9'],0.20088400599831613,0.16129949964071505,0.16000559714810406,0.36768191104573034,0,likely_human
UCZcdlzFXXkQE13revVVPmag,-1,1,1,['5a298ebc43dc51cd4be1798f6337f06b'],0.20123142793702575,0.16037822492853077,0.15733270164244095,0.36495278820328203,0,likely_human
UCdthXTPxELJGix0QKBNgx9g,-1,1,1,['0f076ad89105f4cc877eb09de560d0cc'],0.1767714671730353,0.16017445381047718,0.14756494393696704,0.4964872067377923,0,likely_human
UCngPXmVPmQbat7BWFY9oPKQ,-1,1,1,['5be470cf060bb40274c85b62bac2f94b'],0.24341512665935738,0.1584431022894254,0.08838005221651281,0.3006023328475449,0,likely_human
UCJk7w-CQxBn3lnoR-FIhOaA,-1,1,1,['d6ec1f412c1dfffc5d914120d83d23fc'],0.14506547612139617,0.15749461702076067,0.18299200771983937,0.5485997577140634,0,likely_human
UCaVyVkBi_ygm3KuHNH0knIQ,-1,1,1,['b62bd0f2353f01463dfa193fe85488e7'],0.19014515920765687,0.15716957061086814,0.12460361044680694,0.4542253722425926,0,likely_human
UCJA0xWV0LuNTFwKdeX_c1pg,-1,1,1,['df26d0c80de30c0da094aa0a370ba26a'],0.14052215365723897,0.1550548528571566,0.2080096219582009,0.4811980346777476,0,likely_human
UC6waS8-uKbNpY1tL5lSl69w,-1,1,1,['85a896770ac04c85e4866bf9c86bbbb2'],0.20441170227304029,0.1550356333286171,0.11094567615335466,0.40287784026451656,0,likely_human
UCzUnh6OrW9qYYTABnkYNgjg,-1,1,1,['d71b59b060d8c3de350df5347564a55a'],0.149927002255809,0.1545913717639463,0.2041972666116453,0.4547440249865638,0,likely_human
UCdAZg_FjTdpifCN__VvByUA,-1,1,1,['09a57f17d297e8816791e989dae5be90'],0.16520052472508734,0.15439697133495628,0.17161612926429282,0.4401618828138587,0,likely_human
UCU79DIK1AQBmV6_h3yEvAKA,-1,1,1,['2b04f23a18adcab23ef098660612bf66'],0.20341861793318786,0.15206824146382897,0.1267522916170442,0.3469047903421312,0,likely_human
UC3NfvWBOExnIFi-69TYbMmw,-1,1,1,['90f792eccaf5ee4a63c9b52aeb516a30'],0.33534895833333334,0.151037890625,0.0,0.0,0,likely_human
UCGg0TU4uCb8KpXIuhtTUk3w,-1,2,1,"['3e1ba28444b0759bbe8f3146f70613ef', 'f550b2a13826c953a9c3841a20e3930b']",0.14775265759251258,0.14898155484970155,0.1745153033157906,0.4758111928644647,0,likely_human
UC0xnMg_irTuvsUzEae_l1hg,-1,1,1,['be7e86eb4744ca6372add1d201285beb'],0.17206626201457992,0.1465026206616945,0.12926554310360722,0.41517074765089196,0,likely_human
UCmmcvlVrUDBeR2GN5joycTg,-1,1,1,['934078b2aef39b17872f57e7dda4231e'],0.14187393795096936,0.14575323920965122,0.16260771108249442,0.4807896345518,0,likely_human
UC2kHnkuWIO2hHJlBcH0qr6A,-1,1,1,['5cc320ce5dad518be382d9930df3d2c4'],0.15946621001408717,0.14351119229830372,0.1507598027931537,0.4167987154383873,0,likely_human
UCysOvK4LNku7YyIoHi63X5g,-1,1,1,['8808801c0a294411816669de940f4b0b'],0.18656141004300061,0.14335591356834074,0.11785342603125863,0.35671044815605246,0,likely_human
UCHIoPHOGMDn7pYPBT1bqFgw,-1,1,1,['2835539e40af682277a7cb42d8b868e5'],0.1664188168267212,0.14302400666426107,0.12212807096305611,0.41798654322454626,0,likely_human
UCMICzLRRrUuVyxtmf58I2FA,-1,2,1,"['ac4670da896b4e48228fae03cfd4bc2a', '075048e8edaad1c49b07ffec84d6ace1']",0.13236099722009412,0.14199176528363283,0.17967611672615544,0.44629945135515453,0,likely_human
UCNUgCGUuHIB4aTR4-Pq3jrw,-1,1,1,['ca4f0a4cf6c701493119fd924400d382'],0.16260046477072035,0.1418666641791082,0.16584880216342363,0.35045771027616385,0,likely_human
UCZumFUORjtBtMCAhmzBfdfg,-1,1,1,['4ed3e6d964188361e8b6ea6592d90b1f'],0.1502456031089026,0.1407246775640421,0.15285003641604789,0.412664533477003,0,likely_human
UC2NE3OJ9s2Rnd-LVmibOjmw,-1,1,1,['876e49113a2bd2e875c58796586f609b'],0.14734279712940762,0.14018320044934557,0.16658522201254594,0.40584606262746425,0,likely_human
UClRknWKXgt4pSqxfXuavkOA,-1,2,1,"['6a95e47cd6ab854d8fd003d45bd76cbd', 'aef6d8cf4e5d9243bc9afd7bd8347f71']",0.17264059303998464,0.13976963431808065,0.12120149267086804,0.3671876888422056,0,likely_human
UCzn9FL-NRpWKBDbgZTvWUDg,-1,1,1,['38666a65babc70de03bc87de1194c098'],0.1584907576437793,0.13962454757967183,0.11202079492993683,0.4348861354167743,0,likely_human
UCTK55Y7JuhjVZLz0HtBSCPQ,-1,1,1,['bd1d2df698f4a029abd94c6e13b4b8c7'],0.1965674673006249,0.1389171584301075,0.10995400840944271,0.2708997796604427,0,likely_human
UC82CrDe4dMsfUwPjQN_3k0w,-1,1,1,['6442cf749ab34a7d636010bf13c41209'],0.1279509593263498,0.13759957766736935,0.1711368466277579,0.43943426087239273,0,likely_human
UC-UsibT_Vgh3K1lmDwUCjsQ,-1,1,1,['d4cb5cf90f449259a13d2cde84f82e5e'],0.13378317657947003,0.13681313090273095,0.16443167846691054,0.41984705599296135,0,likely_human
UCnTfLwYyCUdJDeK8WKOiz8g,-1,1,1,['077679341687937546c067600f41b35a'],0.19279405326625454,0.13590906063799607,0.07517352867863504,0.3372490229351036,0,likely_human
UCer7CduACfu4n4l7b787-Jg,-1,1,1,['2607015e15297d21200ea4b3aadec214'],0.15357597237622722,0.13556107230771075,0.1428182305480133,0.3591850680794562,0,likely_human
UCCK6ddWtK3UMxmBo8gRrHGg,-1,1,1,['a3174f1e77707acf5e262bd286c61612'],0.15864944913156115,0.13544469456944686,0.0987924606024253,0.4175279876678374,0,likely_human
UCnUNvG1VUFYOTy8amtoyZJw,-1,1,1,['91dc247a958b04318f8ca86c2a3fff67'],0.14770142960251664,0.13476732771654104,0.1708875545626461,0.3199306537511388,0,likely_human
UCq0zcZz8Up2Uig-N_LfDkJQ,-1,1,1,['8dd9f6eacc32affd0b60b173e85251ef'],0.1483091637944596,0.13295652129003613,0.12472131891180978,0.40059727111007676,0,likely_human
UCWv9-5Sxyzmor863FnqkHCg,-1,2,1,"['9082ecdce4220087fcb3f26de69b48d1', '90c12d933a1f873c473cc5a8eeb68498']",0.16315423333012963,0.13216400643529905,0.11278428159955727,0.33930963572741923,0,likely_human
UCA1lDEZ3ah7lH9257o0mXig,-1,1,1,['11859be38dba66f565a7df056e02354a'],0.13638870840381256,0.1316038296283517,0.15902611994357627,0.36730348594461576,0,likely_human
UC9QNuXcPHKpwRZlgNbkqPaw,-1,1,1,['a81f66319d1e85a4d886cd65d154e4fa'],0.14209074936203686,0.1301479554322567,0.12189942799690223,0.4040240868020667,0,likely_human
UCNsgKBFOWpfg6vjLKSDQSBw,-1,1,1,['0d2109a4d55f764e463c05f33292229d'],0.12963536403481163,0.12941421681955279,0.15286155533517012,0.3886630367813976,0,likely_human
UCwxHv6Apdat5dR5BVdB8BXA,-1,1,1,['79e9d2e5aed4a44e8d2516a2e312f0a8'],0.1671362793320419,0.12864169734560899,0.09259250669914437,0.34751688274906334,0,likely_human
UC29m-k2HX5D5xV5BEzr1HWQ,-1,1,1,['32b6f378f9ba16394ae3b4239a2571ee'],0.1392882712621622,0.12818424478240797,0.14248259518712508,0.35106636173823336,0,likely_human
UCHh72EAMz4KbJKgmQMuL46A,-1,1,1,['aac5f93e47358ee512b7c06041564d03'],0.1334436909477879,0.12773975042808808,0.16907201923556814,0.33941341328673336,0,likely_human
UCX5Veib_Pq6v9CfyUUdeIgg,-1,1,1,['452850d00e9d7b3474711f6259d54c01'],0.13564336212437783,0.12573945256938937,0.11479075611958868,0.40527597481251776,0,likely_human
UC3XEpDanrCsH_k3yxkq_hZg,-1,1,1,['a17e0adef89aa669771779fe269fb1d9'],0.16450838889813524,0.12538243538187938,0.10771964581294734,0.28404099234306646,0,likely_human
UCpRH-CyS36rmkSobt8W2G3w,-1,2,1,"['249415d7dcd6eec3d5e9668a310918c8', '609305a5194338810ff9ed294cc1bf19']",0.13035712063748098,0.12401234255361157,0.14052978708490807,0.3622843841415035,0,likely_human
UCbxQXwVxhQE8MIaj12iulUA,-1,1,1,['be7a91162b9c8ae4892dd7b91e7fb314'],0.1437466163030227,0.1235785418337978,0.13827593969896113,0.29500789906198654,0,likely_human
UCE8eFmEmnoZhGI58MwjoNug,-1,1,1,['62b7ad69ff24f616245074adc67a1475'],0.1295911156759796,0.12316372763666489,0.1238584466045174,0.38489012519421684,0,likely_human
UCu1oTg1OkgGUbRG0S5rqnGQ,-1,1,1,['54c070989771d920fb5e6600c36fa24c'],0.13466255650469436,0.12312265286128221,0.11795687681043847,0.37099658318683926,0,likely_human
UCiaOwxIGmRBN2H7IH99tNzw,-1,1,1,['3285a0fe72a422148e1bafc2f41cc69e'],0.1254773448757919,0.12295886437605397,0.12766114385908123,0.3942936188564576,0,likely_human
UCc9zpJNId_qJfwI1PhTy5FA,-1,1,1,['66b67d8f82b25fd8074e9f5bafbc5a83'],0.136816247327882,0.12216068849360484,0.13023131089233908,0.33112236208774626,0,likely_human
UCtg6SqeVrnDOnv76xLNS1Qw,-1,1,1,['556fb9d33f5e18db60b3e224b06c9895'],0.14862703047897388,0.12170541488058173,0.11523283776232561,0.2987660138489093,0,likely_human
UCAotQxCB6jDG6JdXqqvV6Qg,-1,1,1,['06c3fd93cdcfcdd7727f7b5ae8fff012'],0.11615409100853498,0.12151668095667525,0.15373739586728816,0.36597586554345246,0,likely_human
UCLBZ_65eEuorqcoxXYyPMxQ,-1,1,1,['4114980114d3b41d27955fb871cbe41d'],0.11591524070842142,0.11991866812887225,0.14464940718710967,0.37019416005825806,0,likely_human
UCaUEgK2ZbsARsnwU9AaiX-g,-1,1,1,['859143c0ca2796de37cbca2640dee2e3'],0.1249022595413982,0.11855246795215142,0.12425357413277337,0.35905746058897164,0,likely_human
UCGprsZMq9uYhL6Ea82JkTIw,-1,1,1,['73a752f3bb36435d05fea1aade305582'],0.18265941425704296,0.11838426508116832,0.06649583377475847,0.2247108906230808,0,likely_human
UCa5C0tY4nbBs9EFPEijpBdw,-1,1,1,['abf65f723039ad2790f2fef68cc5640f'],0.1290030574237913,0.1178313565118464,0.10492169467440197,0.3736382955847102,0,likely_human
UCkuudzeOoCzzhnP3WQJlKUg,-1,1,1,['5e7c470ff8b83edd187d2c7028fb634d'],0.1100459864995468,0.11710908095575745,0.1559869476301308,0.3466136128795604,0,likely_human
UCuDvr79gOn-F0kmWharMhIg,-1,1,1,['55db36ecfe1bbf2a1dd012bd042f5a28'],0.11678621923740551,0.11681310698185234,0.14746410252911085,0.33161059295332157,0,likely_human
UCM-dVA_ZDUFBxVecSf8OTRA,-1,1,1,['1a9ad017a5ada0bfcf41d9039096344d'],0.10212908368530157,0.11573599106211688,0.16793372904250192,0.3432878904571207,0,likely_human
UCCL_wvy-8o83wGAPZAfE1Dg,-1,1,1,['e4555b0e77be2eb0a82c9e98a0b4d7e0'],0.10510302237399807,0.11140797009958106,0.14777479103089178,0.3278633058800068,0,likely_human
UCkyUZLhKss_yNSR4Vzc23iQ,-1,1,1,['a2e7572a43ac9715e86598ae8ecadc14'],0.11758937719604765,0.11016087529901747,0.10541313087170391,0.34676033458248484,0,likely_human
UCNg7P10dm-nazpAF5-1SM1g,-1,1,1,['b3b1d06bed341e0dbdc48a83885325e4'],0.10695703933890623,0.10869536602681427,0.12041597469466221,0.3484329012905317,0,likely_human
UCxY_KIU9knTmh2IdZUDTNIQ,-1,1,1,['ce34648ed5bdcb64f7836ceb4a4143d9'],0.10358770294416994,0.10180842618293115,0.11928748228144831,0.2986529984138693,0,likely_human
