comment_id,video_id,text,author_id,author,published_at,bot_probability
5cd4d482953cccf8831498f873fdd863,l7Mje6ZyWgE,I bet those fans had to take out payday loans to afford those eggs haha,UCl-aPNo2E3N0Nx0BYjhRcBQ,@SULTRY-o1c,2025-12-04T22:48:50Z,0.5280522336387719
49efe1ce783e3a758d8fb093df72903c,l7Mje6ZyWgE,Is this a surprise? They booed Santa...,UCAnux9H5RbGe48TNhdsaIzA,@edmo922,2025-12-04T23:33:51Z,0.4817107154556382
c2001ed15fb3b4928ae4bc7541ad44d8,5jLpYhqLK30,who let ardiis and zellsis in pgelow,UC5r8_qqA2Da9Ne5ZgokyOCw,@mooisdumb4849,2025-12-04T18:27:29Z,0.46269592744131555
2602a4bdce6891baa4dd61f517a94623,5jLpYhqLK30,@Sebbysebas i mean ardiis might be a racist and a giant weirdo but they're both british so does it really matter,UCnN7C4C6OMaQygJQjG5Kwjw,@fr4nky2,2025-12-04T19:34:10Z,0.43909206538519935
0b809f1695af023a675c9398a5430aaa,l7Mje6ZyWgE,"They were kids, teenagers",UCnRp3TGGxDpFG1V6wpNoOvw,@MrSir413,2025-12-04T22:39:21Z,0.4322239017070788
f75928768a5f2a1b4ee3cdab9dfe2891,l7Mje6ZyWgE,Eggs are 2$ a dozen by me what are you on about it’s not 2020 😂,UCI4AKatfKIm4RKoKi5Toz6A,@BrandonTK,2025-12-04T22:39:30Z,0.4294530958745008
65666787144c507df00c726392d350cd,l7Mje6ZyWgE,All 2 of them,UC_rtx1moSmJdZ-abMkJAf8Q,@TippityTop92,2025-12-04T23:33:46Z,0.4142393461836357
8b92838b5ea900d8af7cf4b6ee29f1a2,l7Mje6ZyWgE,Hurts is below average,UCuGNGoPyn_oWXKAbVi1QxSw,@jakenewbury7528,2025-12-04T22:48:56Z,0.4112195033866425
1c6ff76414d68287bcb5243fe9ffc710,5jLpYhqLK30,do you fw skibidi toilet,UC3-Jng8MeDUd7_Nxheu1w6w,@gorfmb,2025-12-04T18:27:35Z,0.39599307751790086
625461d4cce0bca1fb687e1c2fdd08f7,l7Mje6ZyWgE,I bet those fans had to take out payday loans to afford those eggs haha,UC7Hbh6_Td2h6S7ZXyuhZMQg,@fiedler230,2025-12-04T22:05:25Z,0.3875158351713389
4e29f377ff32d1d7e757f82b033843ca,5jLpYhqLK30,"so i wasn’t tripping, this actually was zellsis LOL",UCDM8VlJcLb7coJcVjfaFYXg,@sleptik,2025-12-04T23:14:44Z,0.3853469619755856
968e338ec0fd0a7731b953dc6c419fc7,l7Mje6ZyWgE,Their oc does suck,UCXPlAJSEH67cQxu4T56eWAA,@joncoyne6995,2025-12-04T23:38:19Z,0.37276981158822436
bc3709d3a7755c2df21523c21af63991,l7Mje6ZyWgE,"Check me out Pat. 
Want to put an American made cart in your production room there.",UCAOdtnA6UueljUCQxdZKLXg,@jacksgrace,2025-12-04T23:38:33Z,0.37104904857463206
054673b7a1341a718781e193f3bbfc2c,l7Mje6ZyWgE,Philly are the most trash fan base there is.,UCY0PkKmBmmnEIJf1439bVhw,@cameronhughes6382,2025-12-04T23:27:27Z,0.3559939046119024
597984a14840ee09a5eb392fe8f21cdb,5jLpYhqLK30,pro val i think,UCd6nHttzIa9Kvw8TDJrcs5Q,@dawnikari,2025-12-04T19:34:20Z,0.35107353948448167
774e26e33535c4bdbe78b42d1ff5cd20,l7Mje6ZyWgE,"​@louispalko691I understand, doesn't excuse the fans acting like a bunch of immature toddlers egging the offensive coordinators house",UCXUfg6-ykuvPkjl4ZlehBNA,@JulianRodriguez-sn6nr,2025-12-05T09:26:54Z,0.3498012102503907
7bcc9d75a55123c25af2447331b5c42e,l7Mje6ZyWgE,Santa better watch out.  The eagle fans are prime and ready.,UC1n-ffzuVhI0IRD_oA6x48g,@tuggboat321,2025-12-04T22:20:35Z,0.34651444897563
d99bdd39e101f352430e72c24e78fbca,5jLpYhqLK30,i used this to pregame my chem exam,UCmyiXrdUKyVgR1620chlVHg,@dinocream3919,2025-12-04T20:57:06Z,0.3421744612647353
4c32d4be6b151be8a3d1a8a5a893d1dd,l7Mje6ZyWgE,Philly coach needs to get it together,UCTvnFOul2MBTYvwtcmpMEpA,@500Mil1,2025-12-05T09:26:27Z,0.333191823826839
19797c055e7968883dc588012f55b4f4,5jLpYhqLK30,@marcsonic01 u not even lying too they have bill on the game,UCvhr2JLRFKA-Zac3od9WE8A,@Shuichi012,2025-12-04T20:56:51Z,0.3325711088382074
0a292fb15c3ad27d247d94028c98c6c5,l7Mje6ZyWgE,Scumbag fan base,UCcpN4T58CW0vdVYPAEAiemg,@Thebigcrab227,2025-12-04T22:04:51Z,0.33187707441659553
4eb9256b32fa6633fa15ac7849ed9c04,l7Mje6ZyWgE,I got chickens. F them eggs,UC_Rt0bkcUTh8Qli-A3eZk-g,@aron352352,2025-12-04T22:20:59Z,0.32373204008864903
122485c5d3a05f290beea256285cd4f7,5jLpYhqLK30,Make a wish lobby,UC3w_2Hs9wkJ25KqoayvPeLw,@HHYRAXX,2025-12-04T23:15:05Z,0.30856955977504297
425d84aa9a4bca6e3a0256e1fc2f2c2e,5jLpYhqLK30,"zellsis playfully teases a teammate about their Wingstop order for over eight minutes. The banter unfolds during intense Valorant gameplay, punctuated by detailed descriptions of the desired meal. Expect chaotic energy and competitive gaming alongside humorous commentary.",UCqbpx5_BEV6OjJR-W5umdoA,@engi-far4155,2025-12-04T22:36:56Z,0.26018903387445497
988f1fba545f4ee4ebeb45e79af02a13,5jLpYhqLK30,"zellsis playfully teases a teammate about their Wingstop order for over eight minutes. The banter unfolds during intense Valorant gameplay, punctuated by detailed descriptions of the desired meal. Expect chaotic energy and competitive gaming alongside humorous commentary",UCbI8LrdZd3bcsYqke7iy_nw,@iyasusmile,2025-12-04T19:09:37Z,0.2593840479844562
3615ffe65662a330ac952410c74ec8ae,l7Mje6ZyWgE,Should start throwing tomatoes at the game,UCQtiUyDgo8mM1DGk86s8frQ,@LaceyfordSeabiscuit,2025-12-04T23:28:01Z,0.2579248424613041
756130cb80b82ef8977131639b7bdc07,5jLpYhqLK30,DEI,UC3w_2Hs9wkJ25KqoayvPeLw,@HHYRAXX,2025-12-04T23:14:12Z,0.25743416371291644
8538c3c341fe8ddcefc9c2b3019baf34,l7Mje6ZyWgE,"@BrandonTKit’s not about how expensive the eggs are, it’s about how broke people in Philadelphia are😂",UC4wzxwf2GLOM65RukZuY_Aw,@rayjandkimk,2025-12-05T02:05:13Z,0.2570102478160363
8ab79089147f11067ec69bad02387de8,5jLpYhqLK30,pge got motion,UC6gX9KgGGzvMSlpESkFPcSA,@SeoriFPS,2025-12-04T18:28:16Z,0.25629251320749413
cefa00be99010e528162867f5bab5205,l7Mje6ZyWgE,It was hurts trying to throw eggs at aj browns house,UCi_c1Ulp7oDY2t141tcHxgw,@jodep2403,2025-12-05T00:10:51Z,0.2506090199805454
52b1ffe61dbdd12864e4f66497556b77,l7Mje6ZyWgE,@rigbyyourewrong3445 go throw eggs for having a winning record lil bro,UCgzqeC_za_tFQBt_rCh_xpw,@xaviergarza5763,2025-12-05T00:10:15Z,0.24374382874843098
73e263df7777468d613a0791e76c0293,l7Mje6ZyWgE,That's the least he deserves imo.,UCzBI72oslXPjZocgprNL1PA,@milaninter2442,2025-12-05T02:04:36Z,0.24183899852357174
7ab917e35341c19d348f42e11f4b3b88,l7Mje6ZyWgE,"Philly fans are the absolute worst, in every sport. TRASH
Along with Chicago and LA fans too",UCSGBIsO99CPr0BK_dOixFNA,@stepriver8877,2025-12-05T00:00:39Z,0.2232894169909139
332706f4023de6c89cfcbdbd038c1b92,5jLpYhqLK30,"playing with ardiis and zellsis, oh hes goin places",UC2pBwM88AkjPobh1Bmj4p4g,@kamruzzamancanon2279,2025-12-04T20:52:03Z,0.22319929341213318
716cd338ed44757b7c44ff55bcc77111,5jLpYhqLK30,how the fuck is he in a game with ardiis and zellsis,UCHyHZqGYDmoEIjWK0a8YMfg,@Reizor_,2025-12-04T22:52:01Z,0.22233233489871174
7fa8e5851fd3a44de30e3835500f8dc3,l7Mje6ZyWgE,Philly fans are ruthless,UC-U4mHUJsQSXfZ8VgPs3evw,@J8T7,2025-12-05T05:45:36Z,0.2200223166758964
192554dfca83938a030d941fd6a00405,l7Mje6ZyWgE,Why would this surprise anyone? These same fans booed Santa Clause.,UC209fpAIFKJTJBdsYPFYhig,@Mayamax3,2025-12-05T00:08:27Z,0.2191357073541416
f471325793bdbe95face5ec44ea7244c,l7Mje6ZyWgE,No one cares,UCjP9yJ36LGsF4ZmGUp_hA-g,@SPACEKNOCKERZ76,2025-12-04T22:27:50Z,0.21858274480084244
4b9db5f0c7a6426a16ae3ac8b8a01faf,l7Mje6ZyWgE,No one cares,UCjP9yJ36LGsF4ZmGUp_hA-g,@SPACEKNOCKERZ76,2025-12-04T22:29:39Z,0.21858274480084244
79193fd271686acba2882423bf88370c,l7Mje6ZyWgE,Its always eagles fans,UCn7BihhMMtpSVi9J6vT5uOw,@smok3sho587,2025-12-04T22:41:14Z,0.2181241318512465
b9252055f7d2f4db46a1d36153317c99,5jLpYhqLK30,this is the crossover i didnt know i needed,UCI_JDpGBClV2q_E1Kd3Thzg,@Ch1zel55,2025-12-04T22:53:57Z,0.2174593850605936
675d0c918aed1bfc2251d07171fe41cd,l7Mje6ZyWgE,Nobody cares,UCPoP08Dr90Alqy08w_kCKiw,@phillyjackson45,2025-12-04T22:17:56Z,0.21069029801653927
3b75a64e6eaf8d33005c9d8fdddab254,l7Mje6ZyWgE,"Just wait till they players and coaches stop going to their teams. Player’s car getting jacked, santa getting booed, coaches house getting egged. Just wait philly. 😂😂",UCteeXyvGRocbaULWSDpwP3A,@R3TROFIRE,2025-12-05T02:12:18Z,0.20839560974042032
d496ce175d5b063b12e58e6f1573b067,l7Mje6ZyWgE,Gotta love Philly Fan's passion.  Do better and people wont throw groceries at your house.,UCuqBLQ9OT6rOgoorddxYi8g,@Gyledresch,2025-12-05T22:12:26Z,0.2080543900811465
fef362dfdd2fe73476ff0abfb448b516,5jLpYhqLK30,the crossover we didnt know we needed,UC8qPXsl6zAOhhsAC3UMd4Vg,@aidan8533-i1t,2025-12-05T07:45:53Z,0.2075642277718187
9355d6db3556c8fe55a0b0e846444100,5jLpYhqLK30,@HHYRAXX😭😭🙏🏽,UCu_SqxpV6ruaBoxnG6Sx8Sw,@yaxxydesu5776,2025-12-05T10:33:08Z,0.20417079541130054
651e5796de56bd3e5f606554ec5d064b,l7Mje6ZyWgE,This is why nobody respects Eagles fans,UCbCi_NkB0ahsB_vvzRm2tCg,@DaveysWonderfulWorld,2025-12-04T22:08:19Z,0.20398539896665696
3b461869fbc6e7b188e21efd872f44f2,l7Mje6ZyWgE,Eagles fans don't deserve their team's success,UCgzqeC_za_tFQBt_rCh_xpw,@xaviergarza5763,2025-12-04T22:35:55Z,0.20311331211551586
b676d3ac45cd4db70309da2354f43ab7,5jLpYhqLK30,what a crazy crossover,UCtyNkbHSCI9yIFangFbuTAw,@aplogic1641,2025-12-04T18:30:03Z,0.2013687247347967
84910cb90c37d6663bb3112539985c3e,l7Mje6ZyWgE,Incoming stereotyping all Eagles fans like we all condone this stupidity,UC6ruAkljvbQCdcg_MSz1B3w,@mikeyrow,2025-12-04T22:34:31Z,0.200661127923748
e4534f5528a9806e20a19f5f2d8e7a51,l7Mje6ZyWgE,"Eagles fans are one of the worst fan bases in america🙄

They'll blame the staff because their players can't play well. Absolutely pathetic...

Oh yea, it's the OCs fault when Jalen Squirts misses a wide open throw🙄",UCETCtGFQbU49dN0Z9BpmcPQ,@RedBackWetNeck,2025-12-05T19:36:41Z,0.19987173677243214
132e82c1fef913801d19eb16de4c787e,l7Mje6ZyWgE,As an Eagles fan let me just say…we’ll stop stealing players cars and egging coaches houses when we get back on track,UCtJzJ9yTXUzZw-hvQX7SL1A,@themonopolyguy8126,2025-12-05T00:42:22Z,0.1996763373280528
96d81fdb51edd1674c5c40484b2a4d57,5jLpYhqLK30,u talking about zellsis right,UCNcJr_2beo2YBiXP_RegWng,@dianalololol,2025-12-05T00:33:59Z,0.1985586601827228
d9d7ee2798366e21bad086fdb04029c4,5jLpYhqLK30,what more can the wingstop guy do?,UCBb7AYfZXdWZ5S6aq7KHvuA,@XensionClips,2025-12-04T20:39:27Z,0.19758014497642687
5f29ebffb8e438792e816fc896be9ecf,l7Mje6ZyWgE,Who cares,UCjP9yJ36LGsF4ZmGUp_hA-g,@SPACEKNOCKERZ76,2025-12-04T22:29:46Z,0.1975232281732314
18f4802bc3d9e4e61c5db3c246a73571,l7Mje6ZyWgE,garbage fan base lol,UCblRrNAZAuYifd_V-17k0nw,@hotboxedHemi300,2025-12-04T22:01:39Z,0.19704156049601695
d843db9333cd050d96cbc911cb50d889,l7Mje6ZyWgE,It's atrocious behavior...it's a game! Grow up eagle's fans,UCcrnyf4mUoNLsaBds-IB2ig,@Jennifer-dk7sr,2025-12-05T05:00:23Z,0.1965402314628893
c2c7328ba3bd86c7acc081e06c4a4f51,l7Mje6ZyWgE,"Yea because eagles fans are an upstanding,caring and fully understanding class of people......",UCuZKbqTKPHlcugfanaS2pIg,@z_e_s_test,2025-12-05T06:05:30Z,0.1962201415683443
6b386ffd7ae50fb930df8145eeb68fd8,l7Mje6ZyWgE,"Considering Eagles fans booed Santa, I don't see this as a complete shocker.

But I have a question about that incident.
How did it get out to the public if the halftime show wasn't broadcasted?",UC4HyrPPcNzrf7PqFUBCPTAg,@Drawboy66,2025-12-05T16:20:40Z,0.19602762632904142
f61ad30e36cb7e59e18d6d7f32ca8652,l7Mje6ZyWgE,@mynameed7720Boston/NE fans and Philly fans are both some of the most terrible human beings in sports. Vancouver fans are up there too after their Cup loss,UCnfduQPVa0NPfNHTVltZdsQ,@Nf11999,2025-12-05T00:50:18Z,0.19400101513705031
19d64fcc619759f54c8e4cfaf63ed45a,5jLpYhqLK30,Did he get his wingstop,UCdCN455rmCUQV0RPr6Iur5g,@stkelen9535,2025-12-04T22:07:01Z,0.19260181508648822
ad8f6187ada3ab318c61fdb57dde3a67,l7Mje6ZyWgE,I'm sorry you can't afford a dozen eggs for $2. Hopefully you turn your financial situation around soon,UCjcRcgE7LTKQMhCUERl0CKw,@Skrumps22,2025-12-04T22:42:12Z,0.19256258549338282
f37a01ee20401629b87fe10e3f439845,5jLpYhqLK30,WHO is zellsis,UCvSsBtSUly7U67t-6QAmwWQ,@btox571,2025-12-04T18:58:11Z,0.19203761063724575
00adb1f42e232886ab2ff5db7234d3d2,5jLpYhqLK30,@HHYRAXX LMFAO,UCwUtKWx-VKzZY2sRwL8bkOw,@nyxerus7500,2025-12-05T17:47:00Z,0.1891344481895294
4ebe00b73d5fa8e0264161a8003a1328,l7Mje6ZyWgE,"If you aren't an Eagles fan, you couldn't possibly understand. The standard is the standard, boos are 100% justified",UCzEH11xwHSuRR9eldrs68cA,@lucaslarue938,2025-12-04T23:24:50Z,0.1876424208061293
dd779c5ffb2d1b322def3fc1ca9bd002,l7Mje6ZyWgE,Most(not all) Eagles fans are a very depressed bunch of entitled nit wits,UCcBSLREtqNumLuGe5mL4VIQ,@Snk13_ty,2025-12-04T22:55:14Z,0.18745916601710944
94d02f12ddab8b3576f70dc30626355c,5jLpYhqLK30,what the frick is this crossover,UCUCz6xCEXe19BtTueNdntdw,@minhhuynh5849,2025-12-04T18:45:33Z,0.18667614999523482
c30c1d375f9bbecd7901f52ca6ff5ce4,l7Mje6ZyWgE,Worst fan base in sports,UCo53afftYGsgJ9dRdybdngw,@Gotti89,2025-12-05T13:42:04Z,0.18516376095374562
5f7c0449c0b130f0a8a7281f61e7cec7,l7Mje6ZyWgE,"The Eagles just won the SB in 2024 & 2018 and lost in 2022, Most fans would love for their team to be that good instead they do this when leading the Division!!!!! Bunch of sorry fans!!!",UCqPHfS7aatmtUdKZNJ4kCSA,@PaulTreffx,2025-12-04T23:30:42Z,0.1840898998777167
0df58760ff4e0908b0c7c99baa211ba5,l7Mje6ZyWgE,"The ""Santa"" was just a drunk fan in a Santa suit who was acting a fool, which is why he was booed",UCkMHbGZcURs_4xElAJC1esg,@crazymazey,2025-12-05T18:09:01Z,0.18398268589026495
59b402972e25fdb5e81dcf6767319127,l7Mje6ZyWgE,"Just a reminder that the team is 8-4 and still has one of the better records in the NFL. I swear Philly fans are so sensitive. Ungrateful. Some teams don't see that level of success for years, I'd know being a Bears fan. But booing a 8-4 team? Gimme a break. Take a Midol Philly. Patullo didn't miss those throws, there is blame to go around.",UCKyhhZgezCUXZs55l_RTYVw,@kyledabearsfan,2025-12-04T22:59:22Z,0.18370611556458136
fb149dca400164108c2867f08aa69dbe,5jLpYhqLK30,THAT WAS ZELLSIS?,UCSo5Dy5bgkKGDrJ89fhTuIQ,@yxsng,2025-12-04T18:19:55Z,0.18335582401571132
b6f7787e846a766b70b287f15c03101d,5jLpYhqLK30,Notice how he locked in once he was offered the wingstop order ?,UC31aMRwLwE9A1B76k6KYwbA,@Ruby-mq7wh,2025-12-04T21:22:47Z,0.18046881849349078
ad596053492cd38e1fcaafcfe728ee72,l7Mje6ZyWgE,8-4 and you get egged in Philly lol. Why is Philly the worst of humanity??? How did that happen???,UCzEMXO3gE2czXedH3oISx9g,@asacloutier7530,2025-12-05T16:19:32Z,0.17972185871146495
2beeeb4c9cf34429deb1584b5394ef65,l7Mje6ZyWgE,McCarthy is a less than mid,UCLoCMoHio4wNPP5I7TjrGXQ,@jdm839,2025-12-05T16:33:20Z,0.17956538951669165
775d2bd77d670d77e43669994ad4ceaa,l7Mje6ZyWgE,McCarthy interviewing for a job 😂,UCJ9wBiFZeivtH9BIqKlHegQ,@J0E503,2025-12-05T01:30:47Z,0.17590645554233575
d3ed18e7f116bb437df7f75f849da83b,l7Mje6ZyWgE,Seriously egging the coordinators house cause their in a little bit of a slump??,UCXUfg6-ykuvPkjl4ZlehBNA,@JulianRodriguez-sn6nr,2025-12-05T02:46:50Z,0.17430190777568758
f59fd5a6553001a7ac920dc1240f4506,l7Mje6ZyWgE,Didn't McCarthy suck for years?,UCv-GdDHuRnR5zdBDpkR_rgg,@dhaselby,2025-12-05T13:02:12Z,0.17189814948451104
ba525516463cffb35d9e8c76b855c2f1,l7Mje6ZyWgE,Upgraded bot 🫠,UCcBSLREtqNumLuGe5mL4VIQ,@Snk13_ty,2025-12-04T22:53:33Z,0.17162762699608672
39a623db4197200fb9828869a8024406,l7Mje6ZyWgE,Eggs bought by EBT cards,UCB6FvLI-akkl65nhJAeum-A,@knightsfb32,2025-12-05T15:40:11Z,0.17116508920757897
e7738cbdd3428b0007a94fdf9bbc4c39,5jLpYhqLK30,@Sebbysebas aint it ardiis if you look at the vc,UCb1dZjp-0dUy2w6ArZWAbZg,@kebeb1825,2025-12-04T21:48:50Z,0.17108596640054874
be3d28d40149000fd80413d92b680e42,l7Mje6ZyWgE,How them kids gonna eat now that they wasted all their EBT money?,UCB6FvLI-akkl65nhJAeum-A,@knightsfb32,2025-12-05T15:44:59Z,0.1695379321734819
b4e93ed545a022280921dccb3ee2318c,5jLpYhqLK30,zellsis in pgelow we going 0/10 c9 nation,UC3gpvGsaUFf1qeI5WAF955A,@yuloveclub,2025-12-04T20:06:12Z,0.16949928346921628
519ee8fa943ba6ed5ef2a46b086af52e,l7Mje6ZyWgE,Eagles blow 😂😂😂😂,UCfL8Y5eHbAMFG8CZUEhJXkQ,@JetersGiftBasket2,2025-12-05T00:54:58Z,0.16918861853584072
5ea194994fe493dd4b09fa5c416d6aa9,l7Mje6ZyWgE,If you don't have anything better to do than go egg your teams offensive coordinators home I'm sorry but I'm judging you,UCkBup-iqD7U5xFAjbiPkUJQ,@jetsmoxe32,2025-12-05T06:13:02Z,0.16850816553927486
4d2b631d3e732b2deeb52d3af2de3a46,l7Mje6ZyWgE,"Eagles fans burn their city down when they win the SuperBowl, imagine if they start losing...",UCydtZD_-HlDUK0SP_-8kgpA,@p.i.m.6008,2025-12-05T02:34:42Z,0.16635797448430956
b0606cfefbe03079919f46bd3eaeac4f,5jLpYhqLK30,@Sebbysebas thanks king,UC5r8_qqA2Da9Ne5ZgokyOCw,@mooisdumb4849,2025-12-05T00:36:31Z,0.1659081614815607
0a580692fa5a41d61aa612e658a9f3aa,l7Mje6ZyWgE,To be fair.. We seen a Santa on his porch.,UC9s02_ubymAAHVl6ReW-ivQ,@lazcoroner1483,2025-12-04T22:22:00Z,0.16580690607037238
862092398255c355a95f18634f7a9407,l7Mje6ZyWgE,These ppl booed and threw snowballs at Santa. Anything goes with those ppl.,UCV8G5DIs1AAYD8Pkg3s-YyQ,@reginaldshort8486,2025-12-04T22:43:53Z,0.16491573872913767
0b8b3115616c9f6bab148ea3d0173bf3,l7Mje6ZyWgE,Why would an opposing fan egg the house? This isn’t hard to figure out,UCDMugPRfUCAA9vVxvQymE4Q,@Ballen81587,2025-12-05T05:13:35Z,0.163734933046616
eff47fb700f17a88e1305109ed1972e7,5jLpYhqLK30,This not being a main channel pg vod crazy,UC-yvC93DKj6CHCs1TuHfVPw,@NoHeartAU,2025-12-05T04:10:48Z,0.16368377832755734
2243d1f6241900b47fe36bcea1dcce81,5jLpYhqLK30,this would've been a banger ass main channel vid LOL,UCwVXcFw6VmwZIllruoNhOfg,@sinther,2025-12-04T19:29:59Z,0.1635888600846254
246da7fd0bfcac48e0348410e64edbd6,5jLpYhqLK30,crossover episode of the century,UCfABCxMMs-hAkmVjuIHSv5A,@jillianyamamoto3879,2025-12-04T20:36:58Z,0.1629961836029507
eab6c79bfbe82f12c04a0619551fe6cb,5jLpYhqLK30,pge hollywood now,UCZOmobfv9BXUz7WG6cDxpnw,@AlexanderOfAstora,2025-12-04T19:51:05Z,0.15886647692825132
0b03eab8b4092022bf529996cda8ea68,l7Mje6ZyWgE,Sports fans having the emotions of a toddler how could this be 😳,UCdVee_Ti_N81Q4gZ4ADYNsA,@2-1inffwa97,2025-12-05T03:09:21Z,0.15869236158798417
026a725765710ab3288519e7d024db47,5jLpYhqLK30,He too hollywood now 💔,UCBb1xhJEEZAilX6CwCBlMTA,@emsii7584,2025-12-05T07:15:52Z,0.15843097880849552
c516c498009953aea950e18c30d50542,l7Mje6ZyWgE,Nick is the one that preaches details explosive plays and tough every week and none of that shows up game day.  Maybe an Oc with experience might help. Fans were right the last time we handed out calling to novices. And they were right the year before when they told the eagles to run the ball.,UCjP9yJ36LGsF4ZmGUp_hA-g,@SPACEKNOCKERZ76,2025-12-04T22:33:23Z,0.15754603395140004
7b55bb8230a6fc7fd18ecf503c9c3ce2,l7Mje6ZyWgE,stay classy Philly. absolute dumpster fire of a city and population.,UCLtA2T968MUhP6WBdpSWnCw,@JoeArnold333,2025-12-04T22:14:22Z,0.15691753553785345
e6d842fc2090ad8f75b18c6d9af7f004,l7Mje6ZyWgE,Aren't these the same ppl who pelted players with battery loaded snowballs?,UCFnyb-42h7wKNrOziPppLfQ,@ryandavis4448,2025-12-05T02:58:10Z,0.15691688635558465
81670c631c2dd48da82abc0eb32f1215,5jLpYhqLK30,shouldve been main channel,UCJqsrWKTGZTgmQW0bW9tcEw,@joshdeconcentrated2674,2025-12-04T22:25:59Z,0.155650757607706
f4547c8fa2d86b7ce790caee818fea07,5jLpYhqLK30,zellis and cool in the same sentence LOL,UCOz2MTMhhYr9OtyIgHWCDDw,@epiccounterstrokehighlight3601,2025-12-04T19:14:15Z,0.15531406057075778
fb700920ed2cf79201c90dd7da67f79f,l7Mje6ZyWgE,.,UCJykRsg1mHYX4cVBfy9ve-Q,@gofuckyourself120,2025-12-04T23:51:44Z,0.15453049924539716
9b58dbed72f5f200f86b079de4ed13c8,l7Mje6ZyWgE,.,UCJykRsg1mHYX4cVBfy9ve-Q,@gofuckyourself120,2025-12-04T23:53:56Z,0.15453049924539716
79c8007a572f8c935c7c021f7ead4137,l7Mje6ZyWgE,I’m really glad that nobody AND no one are that invested in Eagles’ football. Get them both on the line and provide assistance.,UC1TT_MbVKvBtv5V5lGPZd3g,@ShadowWolfXD-a7x,2025-12-04T22:38:15Z,0.15338932437347969
aa8a10ea0f7b76352e22a1836ea11f42,l7Mje6ZyWgE,The sad thing is people of any age are nuts for getting into that into a team.   Seriously fans donate $ to fund all this drama for entertainment.,UCeVxOIMgu3K_BWgy030xv7w,@Patriotic1980,2025-12-04T23:41:47Z,0.15211551924530683
81c55939950c0a334ccd8a365f990bb8,l7Mje6ZyWgE,"Don’t worry, those EBT cards paid for those eggs. Now their kids they don’t raise will go hungry",UCB6FvLI-akkl65nhJAeum-A,@knightsfb32,2025-12-05T15:45:54Z,0.15083254687700334
7f8dd271b99ff5613d1cb45bc6f89264,l7Mje6ZyWgE,"​@knightsfb32 wtf r u on about? Kids can't collect ebt benefits.... I'm assuming it was an attempt at an ethical joke....
What race of children are we rooting to not eat tonight? I don't get the joke.",UCDBjwvPUPWVuPemUw2Zjvkw,@yourHandleShouldBeAtLeast3...,2025-12-05T18:56:40Z,0.15036278683908105
7e70e8dff878a104242b0055c3b999ae,l7Mje6ZyWgE,little? Slump? The offense has been underperforming since week 1. Same skill position players as last years superbowl roster yet bottom 10 in every major offensive category.,UCRXTnd0g-4fppqc9R9Npivg,@louispalko691,2025-12-05T06:36:08Z,0.15028643804579467
de035f53c2aaeadcae044a4cfba0dca3,l7Mje6ZyWgE,there seems to be issues in that offense locker room. too much talent for so little production,UCDSp9qatDBw7oCSTA1subEg,@lordtemplar9274,2025-12-04T23:42:56Z,0.14853983677076765
124dab30df0cd36a4d2d49a39c2b1893,l7Mje6ZyWgE,My question would be how did they know it was eagle fans did they have on jersey? Did they leave a note? Hmmm,UCm2d8913VNfxyyboAVggGFw,@Imalwayswatching323,2025-12-05T00:19:36Z,0.14783857973766246
f36eb42b3c011e5ea7aa4d012d246f39,l7Mje6ZyWgE,He would miss he cant throw,UC6LYrbGAIbxxFLrfC67r-Pw,@joshlopez1793,2025-12-05T01:33:25Z,0.14766200688153935
e09962d44691313acef299a84a2a27b6,l7Mje6ZyWgE,cry,UCGPQHHNJaRuwg2dlx3hpKfQ,@rigbyyourewrong3445,2025-12-05T00:04:29Z,0.1475710723893246
7af5e77ae680d4b7b71e71a8f7d17b59,5jLpYhqLK30,Waiting for the Sentinels PGE,UC07iH8fYoP9JUflZG332a1A,@moonkid3577,2025-12-04T23:12:52Z,0.14688363450174016
a90887c241e80c9c3bc1aa0a9c326af0,5jLpYhqLK30,It’s actually immi not ardiis but they’re both european so they’re basically the same person,UClomw_HwkmWoYXRETOCRCpQ,@Sebbysebas,2025-12-04T19:19:43Z,0.14684351026289003
aa06dfbb3eb5d5032a1fdc2145ad09cf,l7Mje6ZyWgE,"Oh, we don't wanna talk about what the Classy New Englanders did to that Celtics players house? But go ahead, were the worst I guess.",UCX6D5fiwxZnXT2JBKCO4Y4w,@mynameed7720,2025-12-04T22:25:11Z,0.14624492352872304
e8097b1aa09e9e1ffb9ab7b16dddaf42,l7Mje6ZyWgE,the fact pashitlo's house hasnt been burned down is surprising,UCh1ImIV_t-DFj1P8SY5IUTQ,@czekskii,2025-12-05T05:27:41Z,0.14514455128657638
428564c52d27a8002b7cd222338b6010,l7Mje6ZyWgE,These were kids in jersey lmao,UCjP9yJ36LGsF4ZmGUp_hA-g,@SPACEKNOCKERZ76,2025-12-04T22:28:21Z,0.14445661281455313
eb702225462648e42538c34dd822a9f0,l7Mje6ZyWgE,"On the internet?

Unfortunately today… many would believe that is true.",UC1TT_MbVKvBtv5V5lGPZd3g,@ShadowWolfXD-a7x,2025-12-04T22:37:03Z,0.1442844931421772
8f1fb2847138a43a59a297a9b0340493,l7Mje6ZyWgE,"Nah, I’d be point shaving the rest of the season",UC4wzxwf2GLOM65RukZuY_Aw,@rayjandkimk,2025-12-05T02:03:42Z,0.1438225860044269
c2b113f7e9b0df61e2f17b2a3970307d,l7Mje6ZyWgE,"It's the QB, not the OC. Guys are open, he has time to throw. He might not have all day to throw like he did last season but still more than enough time to hit the wide open receiver. Basura",UC2h6FoyOPxiLSjN2hz5DUDQ,@ruggedmeetsrefined5345,2025-12-05T01:04:13Z,0.1437444853599328
42d0e4768f1229f34d0811e7aa7a7b64,l7Mje6ZyWgE,@rayjandkimk you don't sound very smart. It's a city there's rich and poor just like every other city,UC4_Cqt1sUGImG7XKOHfCaYg,@delawareperformancetrainin307,2025-12-05T03:19:23Z,0.1431248616294456
e621c0370a6466609179109b78ec8988,5jLpYhqLK30,how’s this a clip channel video and that Fortnite vid is on the main,UCd2HD7lGYqftsQoWXvnG4TQ,@paronicle3129,2025-12-04T22:22:39Z,0.14293533765515865
877c051d92956f1fc0c09d664191abe1,l7Mje6ZyWgE,Same hat as well,UCUZhHPPfP-9R7zGVk5c3ziA,@ronaldjr2795,2025-12-05T14:21:42Z,0.1412254946457413
5f286ee351ab76e3f7d5b15fa5c78361,5jLpYhqLK30,when they mean to pge.. 🥀 shit breaks my heart,UCb6FHWh1n8jgsfSqP5IbAGA,@candi_appel,2025-12-04T19:04:20Z,0.14095585235242186
d6272535209b323bbd148568b768c899,l7Mje6ZyWgE,Lol Fentaldelphia truly is the worst city in football,UCXB4lJZIxJ_HmhETfl40dLw,@firefightfire182,2025-12-05T12:21:37Z,0.13933333638055453
cbf02bf34353f250ebf85e9de5a2cca3,5jLpYhqLK30,"@leash8932 if thats the bar for being cool then everyone is cool ig, guy is just unfunny to me and trys way too hard",UCOz2MTMhhYr9OtyIgHWCDDw,@epiccounterstrokehighlight3601,2025-12-04T21:27:48Z,0.13920817718403347
9d36ab28baac3a900ca277fa877a1b90,l7Mje6ZyWgE,Because if I knew where patullo lived I also wouldve egged his house,UCRXTnd0g-4fppqc9R9Npivg,@louispalko691,2025-12-05T06:28:38Z,0.13835456745212743
671b4355fe5cb404abab6f0683eb2f51,l7Mje6ZyWgE,Why do they even know where their OC lives?!,UCNinJ0TOnp9jMW3iY8oJL7Q,@peaceofkake1085,2025-12-05T02:19:51Z,0.13656109491452914
a064569db3a6d123283c0ffdf030590f,5jLpYhqLK30,how is pge in a lobby with zellsis,UCIOraQrukRqsl0Nsv_lygYA,@longjohnsbiggestfan,2025-12-04T18:24:24Z,0.13604068886602116
3024210d06e50817a62546a7161f2214,5jLpYhqLK30,fortnite ahh crossover,UC8s7_uJ3WoocEXWsLoCMIpw,@Zxnoxd,2025-12-04T20:45:34Z,0.13539613104034187
93054383fb3e74babcc7990d2a2d6536,5jLpYhqLK30,My thoughts exactly,UCo9K5xdQfVjCmZDgAIno5Ww,@apl6171,2025-12-04T19:18:40Z,0.13513339947306682
e2a6b9ff776f2d134bdf68e618f28953,l7Mje6ZyWgE,"The teams in Philly have always had coaches and players live in a few areas. Mostly either the more expensive areas of Philly or South Jersey. You will see them around the area. Especially old players. I remember seeing Bobby Clarke, Bernie Parent, and 2 other guys I didn't know when I was a kid with my mother at a local diner in South Philly called Ponzio's. Similar experience with other Flyers players through multiple decades. Lots of people knew where Allen Iverson and Chase Utley owned a home in PA. Fletcher Cox owned a home in South Jersey right around the corner from me and sold it to Dallas Goedert. It's not hard to find tbh.",UCzYUMqdgR9QWJDeehYW9vWg,@JustSomeGuy009,2025-12-05T04:57:08Z,0.13457826191194844
4c6e72c49457deb81c43d1d86709de2c,l7Mje6ZyWgE,They forgot the TP 🧻,UCl7dczZcX-3y4biDj7H3IdA,@alexmullins5407,2025-12-04T22:03:02Z,0.13434086781814436
04b887f51f22bdb5b1a350a0440aca25,l7Mje6ZyWgE,AJ always looks like he wants to disagree but keeps it in so he doesn’t cause tension,UC1CpzqLIQlJIep1KGQepDqA,@thatboytrevvv,2025-12-05T04:50:25Z,0.13374626648318239
edc1fb91f3954c53c8d6364e9a71cbed,5jLpYhqLK30,Bro this vod was from mad long ago😂,UCcgxlHPcD2yH8YOVVaEqjYA,@codycasaus8214,2025-12-04T21:04:57Z,0.13318604250606023
167745316065159905050d4660602d7f,5jLpYhqLK30,"@echologic3918 Boneless Meal Deal for 2, 2x ranch",UCbI8LrdZd3bcsYqke7iy_nw,@iyasusmile,2025-12-05T03:15:18Z,0.13163068674902811
f37c6ff09f872157e3402e3e0e870c8d,5jLpYhqLK30,real,UCiHYvMQ2d8dIG38R1922gIg,@Leighner,2025-12-05T14:05:55Z,0.13158837112452249
26442de49e9e32c62efe09fb4110553c,l7Mje6ZyWgE,either learn ball or get deported,UCRXTnd0g-4fppqc9R9Npivg,@louispalko691,2025-12-05T06:36:48Z,0.13143866545991434
89ee4c7ba8c0001723bf5550829db672,l7Mje6ZyWgE,I’m a lifelong fan and couldn’t agree more . It’s so absurd,UCYh_y67itA2tsh8orBeJaNA,@evolutionstationmusic2559,2025-12-05T00:21:15Z,0.13142638425959652
767f82b29f7b3341a71f11f77292f7c8,5jLpYhqLK30,why does this guy embarrass us in front of the cool streamers,UCicXW_0iNFBNup2ACt9xCUg,@NightAndShai,2025-12-04T18:26:01Z,0.13056521674390972
d0fe64882cd4d3a16425092e9bbe7617,l7Mje6ZyWgE,Allen  Dominki Mysterio Liv Morgan turn heel Dominki Mysterio Liv Morgan turn heel joins Wyatt 6 Uncle howdy Liv Morgan joins kiss Bo Dallas boyfriend Liv Morgan,UCC5mSm96L3HP7XijKW0KiEg,@AllenClark-r2x2y,2025-12-05T03:53:21Z,0.1299488616138938
17a9fab7078e8302de884674c02a1aa5,5jLpYhqLK30,​@Toupangusyes toupangus,UCJqsrWKTGZTgmQW0bW9tcEw,@joshdeconcentrated2674,2025-12-05T01:44:17Z,0.12926694517843162
2f37f6dd852898fe49a2c457bb7d67b2,l7Mje6ZyWgE,Relax nerd.,UCp7Ke46zC-0nT_oZ92fAtsg,@ChaseSecurity,2025-12-05T00:25:33Z,0.12926303687615745
f2bdafe5f6ad975febb52f4ba3e95425,l7Mje6ZyWgE,Harm? They out here yeeting hard boiled?,UCDBjwvPUPWVuPemUw2Zjvkw,@yourHandleShouldBeAtLeast3...,2025-12-05T00:30:40Z,0.12742723383201407
c921fd553aa17bf905dc95df2c021241,l7Mje6ZyWgE,Spam. You act like he's gonna see this and do it,UCzrC2VTw5rvexvrPH6zOuGg,@houseofchinn6112,2025-12-05T00:17:37Z,0.12734484283654704
1a45901c7fd78a50806909c671137523,l7Mje6ZyWgE,Coach Mike having a selfie as his computer background projected behind him is world class,UCCYhFnRXYcL7DchCH8uVSqw,@guruj8827,2025-12-04T23:21:07Z,0.12696240965531583
8c9c0929066cec1eed0188fd54c2f8fe,5jLpYhqLK30,nepo baby,UCBtYlygGQHE1Ch4LGEc8FSg,@cheesemaneatscheese,2025-12-04T22:55:14Z,0.12632379139930006
5cab10a480a00b93584574a5144e2918,l7Mje6ZyWgE,They should fork his lawn,UCrL_OFXXrqZ-yqG_6thysHA,@BeMuffinTop24,2025-12-05T00:46:34Z,0.12516961263238205
f6633e9e20c9b3ad5ed8fcd48330b2ce,5jLpYhqLK30,Nunya,UCz2YnKXyCapZzdF1ykf_l6A,@TwoSadTwoBeRad,2025-12-04T19:15:31Z,0.12506878161968632
c8a55fcb1ac672030814011b36b8f4bd,5jLpYhqLK30,shit breaks my dihh,UCu_SqxpV6ruaBoxnG6Sx8Sw,@yaxxydesu5776,2025-12-05T10:33:26Z,0.1249010445791123
238ccdd46b703487cbe578cb35968eb6,l7Mje6ZyWgE,I think it was just Jimmy Johnson...,UCGStZwQypilN5rjyKSRodrw,@MrGizmoRogers,2025-12-05T06:23:33Z,0.12478949309709947
6e55b04000bab587c215ff35caca20ae,l7Mje6ZyWgE,Wait... two kids represent the millions of fans? Hm.,UCh8Z8rancCrD_RgL1t7QgNg,@Greedo96,2025-12-04T22:32:24Z,0.12478314401417746
e5a99956778a6588e02219fb5f93a0c9,l7Mje6ZyWgE,Imagine getting upset that people are calling a fan base on its BS. The world doesn't revolve around you. Not everything is about YOU in particular.,UCKyhhZgezCUXZs55l_RTYVw,@kyledabearsfan,2025-12-04T23:06:28Z,0.12403073960451733
a231360906c6d9cbe219f6c1dcd61e61,5jLpYhqLK30,True dat,UCQ6Z6QWV22tzUe8CoghsH-g,@Toupangus,2025-12-05T00:40:24Z,0.1232121765595251
c0c1f4916ad156023f35e67d108aa544,l7Mje6ZyWgE,😂😂😂 wtf I didn't even notice,UCZ4DTyar01GhJrboZpFJcXg,@whitesoxfanjayo,2025-12-05T03:34:28Z,0.1227464508836445
ebfd1514e4731d8da53879601c79e0a7,l7Mje6ZyWgE,"Only team I know that when they designed their new stadium, made room for their own jail. And even worse, your old stadium not only had it's own jail, it had it's own courtroom",UCAshR1zQ1yhVY4kmUQqpTcw,@snwlcke3,2025-12-04T22:52:35Z,0.12163406032758083
0544d5122ee69408403b0984595c98b4,5jLpYhqLK30,it wasnt even for him. he just really wanted to share the gospel,UC2AibErZa7obRKOv8-uKFpw,@R3ktumGam1ng,2025-12-04T23:35:24Z,0.1214894224200524
10ebb6ea9a666786b6e3bed15caed54d,l7Mje6ZyWgE,If ur team stinking do what u gotta do,UCZkAr4ev3hGHIDdZB7lFt-w,@gregrice1532,2025-12-05T03:02:12Z,0.12043737632433332
223ab47609dc049d98888d286e5050e8,l7Mje6ZyWgE,Team might actually be better if patullo stopped showing up to the facility. Thats kinda the point,UCRXTnd0g-4fppqc9R9Npivg,@louispalko691,2025-12-05T06:29:15Z,0.11965458748285289
676cab000cf9412b5f800eea32ca40c7,5jLpYhqLK30,Why would they lowkey actually be a fun duo?,UCKtggoRTIqt-DAI2BUKZWHg,@LeonCraterR,2025-12-04T22:34:11Z,0.11944147139181602
411eb84227dfb43110ea8b743b5a9e9a,l7Mje6ZyWgE,Stolen comment lol,UCqMGEdtzpRndDlsteF0yNtQ,@blocboi407,2025-12-04T23:46:32Z,0.11932285452123469
e146b48a5cfc7f4e73afe1410ab6f62c,l7Mje6ZyWgE,A-freakin-men,UC9Ki-OL7dLuNlJ6GveKWDlg,@WhoopityScoop726,2025-12-05T01:06:28Z,0.11907090009685871
88a618bb9e2a615895a83760b2293046,5jLpYhqLK30,what timeline are we in,UCa3DlPRi55oSSh-yCV7jSRg,@QuailAims,2025-12-04T20:20:08Z,0.11857356232149976
b1b3ae286587ce700ce22df40e1f2582,5jLpYhqLK30,@epiccounterstrokehighlight3601he said a slur so he’s cool,UCfOkP0UB59omM_df9TjRn0w,@leash8932,2025-12-04T19:31:14Z,0.11823483378504976
7a45a99b5ac2c402595847e4019e871d,5jLpYhqLK30,i never seen a ex pro player be so ass in another game in the same category holy 🥀🥀,UCXMUal9Bm4py1LLTNEeaNLA,@qivaan6584,2025-12-04T19:42:25Z,0.1175289762291932
09d9a056c82107b1ddc5104b8953fba7,5jLpYhqLK30,"Is there any mention of the fire giant during this video, sir?",UChjP9KhdwRa3yKoIKGjQHdw,@echologic3918,2025-12-04T22:12:15Z,0.1170920203561953
0f08c6b32a3d167f33e190b3c9948469,l7Mje6ZyWgE,Thats a whole lot of words used to say absolutely nothing Mike. I guess its indicative of almost all sports talk shows these days.,UC99u59YwXE3iZiG8OjMYrvA,@mystermobius6528,2025-12-05T00:45:17Z,0.11576909812701765
9891fc4cf16705e88145b964ff38e2e6,5jLpYhqLK30,@dianalolololye,UCOz2MTMhhYr9OtyIgHWCDDw,@epiccounterstrokehighlight3601,2025-12-05T14:12:18Z,0.1143654050217767
24683207e42ec18c3a546a06019fcaf6,5jLpYhqLK30,the big leagues,UCAdeS_3-N2KG_uaDEE-7N3A,@mnkhee,2025-12-04T19:24:50Z,0.11426052427691111
091d6bbe6f0383ce9d2de1ad08787b23,5jLpYhqLK30,Just some guy,UCmh7J6vYAmCmGae0Sab7MDw,@typh2630,2025-12-04T20:10:01Z,0.11328283668312228
8d35bbde81fcb9c34e1a55e75b62bae4,l7Mje6ZyWgE,Oh the Reigning Super Bowl MVP,UCjWYBoZh76y2ja78eQK8bLQ,@Saquan2k,2025-12-05T01:56:39Z,0.11208789150244906
24eb219a54f5043b6f8a1b40bdc03990,l7Mje6ZyWgE,"Not sure why you think that is funny? Shams, Bill Bellicheck, JJ watt, AQ Shipley to name a few. Have all been elevated after appearing as regulars on this show. Pat is proud of that. You nob",UCA5lwaUAkr0TxURdqbwapBQ,@bozbozman1575,2025-12-05T01:44:50Z,0.11000870939383256
b22115482b0217ecb3aa7d846144e424,5jLpYhqLK30,He's queued with trung,UCZ1DzEwNLbOnW4yiSgs-yfg,@marcsonic01,2025-12-04T20:50:47Z,0.10914438045401668
15d791ad52199682b11bb8997d301ca0,5jLpYhqLK30,VUDU FRAISSSS,UCyZWpYTia2OZw3codIPjr_g,@fatmonkygaming,2025-12-04T18:59:43Z,0.10600818113008192
ae382e4f7f2558d407e98d69202a067d,5jLpYhqLK30,aint you in mira swear i seen you before,UCQZuqRRFZwUbFkj5XC-H39A,@elcaa_opk,2025-12-05T10:45:14Z,0.10594610695313394
